LocationID,office,leisure,transport,retail,sustenance,residence
CENCY001,-0.247450241,-0.058575793,0.552256097,-0.23517491,0.529307505,0.966273882
CENCY002,1.895791923,2.583465581,0.793915221,0.557907045,0.753265159,-0.195367125
CENCY003,1.392635717,1.719769438,1.143369623,0.378026561,0.39363685,-0.195367125
CENCY004,0.033703716,0.820958781,0.672348283,0.455098701,0.987089426,-0.195367125
CENCY005,0.394951175,1.703273614,0.938453455,0.392682689,0.411923868,-0.195367125
CENCY006,0.224304903,0.994001752,0.729564599,0.212651926,0.88170107,-0.195367125
CENCY007,-0.297673254,-0.12735937,0.437880498,-0.279272911,0.606078759,0.966273882
CENCY008,0.419188917,2.351833393,1.761612698,1.325742143,0.202941186,0.381892702
CENCY009,1.080605866,2.704586329,1.570092844,1.642071225,0.135326779,0.381892702
CENCY010,-0.161459787,0.293845786,1.204932808,0.08683928,0.602065121,0.966273882
CENCY011,0.115090179,1.312009723,1.443871019,0.520643837,0.125023372,0.381892702
CENCY012,-0.017838438,0.428341348,1.354971156,0.352414979,0.227394342,-0.195367125
CENCY013,0.323664703,1.935593988,1.619657015,0.956563146,0.135326779,-0.195367125
CENCY014,0.120474034,0.719006703,1.413316189,0.510197618,0.229794519,-0.195367125
CENCY015,-0.022030616,-0.017087323,0.419171889,-0.163368608,0.083645089,0.966273882
CENCY016,-0.115356457,0.109759417,0.670223988,-0.156136373,0.450328364,0.966273882
CENCY017,0.15526085,1.635727717,1.522211509,0.827611819,0.124386964,-0.195367125
CENCY018,0.149982997,0.109206172,0.521358158,-0.447429005,-0.119757744,-0.195367125
CENCY019,0.058085041,0.457425926,1.295791188,0.33699517,0.063567625,-0.195367125
CENCY020,1.089779405,1.974550029,0.855497678,1.054526974,-0.069878221,0.381892702
CENCY021,0.356624943,0.460220119,1.142169056,-0.044460457,-0.27508322,-0.195367125
CENCY022,0.742390404,2.066881141,1.606509159,1.250660464,0.155423441,0.381892702
CENCY023,-0.341012291,0.403218909,0.772507461,0.149433341,0.89079446,0.966273882
CENCY024,-0.284624301,0.321827663,0.710240176,0.158221001,0.717197272,0.966273882
CENCY025,-0.271811557,0.33666843,0.409949692,0.324929192,1.131257737,0.966273882
CENCY026,-0.173384961,0.358766787,1.108432126,0.073000123,0.823797262,0.966273882
CENCY027,0.039019244,0.713592758,1.060643888,0.398193937,0.986447158,-0.195367125
CENCY028,0.35843583,0.864049275,1.251459718,0.364292887,0.871957275,-0.195367125
CENCY029,0.631681019,1.269861867,1.521478464,0.118795166,0.016579232,-0.195367125
CENCY030,0.876146317,1.062531084,1.338718508,0.160809212,0.30355814,-0.195367125
CENCY031,1.381339919,2.363839601,1.208715368,0.366549547,0.601755763,-0.195367125
CENCY032,0.286457688,1.010004382,0.688488274,0.300678677,1.036390139,-0.195367125
CENCY033,-0.259162786,0.520501206,0.343651652,0.36096335,0.089861346,-0.195367125
CENCY034,0.001581227,0.553436853,0.319705499,0.514323744,1.246582179,0.966273882
CENCY035,0.541019058,1.058119516,1.267985825,0.270214687,0.602684606,-0.195367125
CENCY036,-0.235520899,0.540563549,0.540227595,0.370463728,1.093637681,0.966273882
CENCY037,0.099986817,0.713368124,0.62284657,0.475914958,1.142376505,-0.195367125
CENCY038,1.027565046,2.019138278,0.811650248,0.387145369,0.448792066,-0.195367125
CENCY039,1.787404648,2.675041158,1.298107182,0.442697569,0.752628751,-0.195367125
CENCY040,0.151878092,0.826631157,0.752033895,0.44638787,1.161271286,-0.195367125
CENCY041,1.572047438,1.076384909,1.143790041,-0.133527934,0.384492002,-0.195367125
CENCY042,0.720851369,1.790260615,0.868786086,0.292546134,0.074998394,-0.195367125
CENCY043,0.921313285,1.476853258,0.945070732,0.263840415,0.0043858,-0.195367125
CENCY044,1.229538319,0.887814879,0.88480095,-0.026085246,-0.062592199,-0.195367125
CENCY045,0.753303139,1.535299371,1.440050234,0.215742534,0.114593709,-0.195367125
CENCY047,0.721123386,1.134616499,0.579102643,-0.035757678,0.277301479,-0.195367125
CENCY048,1.889662072,2.50748303,1.165738976,0.439097118,1.160773244,-0.195367125
CENCY049,1.382078305,1.149820467,0.898833533,0.194693718,0.305956979,-0.195367125
CENCY050,1.510781621,2.209601343,0.797048564,0.30202574,0.674112927,-0.195367125
CENCY051,0.694516825,1.894566569,1.396258161,0.506739514,0.115210918,-0.195367125
CENCY052,0.416949958,1.681799284,0.905050278,0.354596866,-0.06082843,-0.195367125
CENCY053,2.442317814,1.899980642,0.993007783,0.360885571,1.024417069,-0.195367125
CENCY054,0.431700858,2.423954284,0.878732405,1.148537007,0.114593709,-0.195367125
CENCY055,0.680522608,2.336323255,1.360646552,0.861586612,0.163345871,-0.195367125
CENCY056,0.405989029,2.779505896,0.863836372,1.170827822,0.106015673,-0.195367125
CENCY057,0.566243037,1.996542885,1.050047371,0.279073042,0.121912268,-0.195367125
CENCY058,0.608681845,3.2121913,0.93508836,1.378069064,0.300280857,-0.195367125
CENCY059,0.307334722,1.190300495,0.614333941,0.258288146,0.101267055,-0.195367125
CENCY060,0.7481602,3.181655977,1.254147442,1.478700408,0.221745834,-0.195367125
CENCY061,1.137234064,3.04671636,1.102023559,2.19963178,0.084155241,0.381892702
CENCY062,1.050057968,3.550503411,1.391271814,1.998624086,0.308858893,0.381892702
CENCY063,1.342463546,2.587506823,0.905120568,2.372451947,0.104078812,0.381892702
CENCY064,0.841570144,0.806963033,0.599522561,1.597259782,0.093583114,-0.195367125
CENCY065,0.688192843,2.493587683,0.927905515,1.690496409,0.171847112,-0.195367125
CENCY066,1.311397723,1.252796767,0.836651429,0.006846537,0.325417234,-0.195367125
CENCY067,0.985000404,1.414338695,0.938613747,0.127507936,-0.023633292,-0.195367125
CENCY068,0.152024139,0.67749193,0.434118725,-0.026722481,0.266978873,-0.195367125
CENCY069,1.759230925,1.022183033,0.869096008,0.325507798,0.627470951,-0.195367125
CENCY071,0.900808305,1.557127411,0.578439978,1.622913613,0.160734205,-0.195367125
CENCY072,0.96565971,3.330824039,1.339983234,1.923610535,0.251037741,0.381892702
CENCY073,0.180427601,1.643842951,1.070997609,0.123860317,0.081787601,-0.195367125
CENCY074,0.192847581,1.441450669,1.040390098,0.170065909,0.004418337,-0.195367125
CENCY075,1.006259248,1.295148036,0.397016791,1.674736579,0.141718068,-0.195367125
CENCY076,0.81529515,0.42560082,0.578122756,1.594146648,0.014623173,-0.195367125
CENCY077,0.876927031,0.574417911,0.630376943,1.479234258,-0.014013128,-0.195367125
CENCY078,0.825304828,1.22329448,0.432057742,0.806156753,-0.032258164,0.381892702
CENCY079,0.062549068,0.583589611,1.279184956,0.498006398,0.651983042,-0.195367125
CENCY080,0.202947001,0.844306083,1.340591862,0.732777886,0.670241416,-0.195367125
CENCY081,0.040008826,0.655294375,0.438883254,0.399843851,0.804367928,-0.195367125
CENCY082,-0.153671394,0.634306853,0.258118579,0.465000653,0.332280683,-0.195367125
CENCY083,0.008078228,0.879251613,0.682285719,0.344446826,0.890877117,-0.195367125
CENCY084,0.236528148,1.046953481,0.891169384,0.442826795,0.968794931,-0.195367125
CENCY085,0.048156974,0.536854106,0.364349968,0.279664819,0.995629065,-0.195367125
CENCY086,1.801774762,1.787638669,1.309058792,0.038782626,0.37707131,-0.195367125
CENCY087,0.916856731,2.463783443,1.053543414,0.389784591,0.719866902,-0.195367125
CENCY088,1.150590461,0.861797694,0.725782819,0.252622966,0.480704312,-0.195367125
CENCY089,1.487674581,0.782439143,0.497092575,0.256163929,0.746816508,-0.195367125
CENCY090,0.949905452,0.669399182,0.671586148,0.334926313,0.520280428,-0.195367125
CENCY091,2.013812277,2.240036387,1.299764674,0.202694756,1.090777859,-0.195367125
CENCY092,2.154209145,2.7188587,1.155052352,0.210130581,0.90731782,-0.195367125
CENCY094,1.766802347,2.420505573,0.910233091,0.358556134,0.75264795,-0.195367125
CENCY095,1.806657831,2.458761837,1.038454337,0.422628587,0.800763705,-0.195367125
CENCY096,0.176457951,1.298228628,0.938395234,0.143347797,-0.130823814,-0.195367125
CENCY097,0.002160522,0.872499424,0.376785668,0.286177431,0.176936007,-0.195367125
CENCY098,-0.026222795,-0.00883345,0.448551227,-0.175516023,0.075124649,0.966273882
CENCY099,0.05087652,0.648450794,1.259258295,0.279630382,0.804342868,-0.195367125
CENCY100,2.033323391,1.290065463,0.725203046,0.248001495,0.814430915,-0.195367125
CENCY101,0.760661389,0.76598003,0.625739938,0.240828156,0.480704312,-0.195367125
CENCY102,0.208451844,1.547127804,1.160966842,0.175388564,-0.063176871,-0.195367125
CENCY103,0.433316464,2.7201433,1.155470073,1.492470288,0.095114255,-0.195367125
CENCY104,0.159793203,1.415777213,0.906738454,0.162377439,-0.023652491,-0.195367125
CENCY105,1.094847017,1.900997599,0.638631637,2.043005154,0.112637649,0.381892702
CENCY106,0.183863082,0.024906022,0.502429819,-0.205077158,-0.148413244,-0.195367125
CENCY107,1.797075522,1.385275293,1.108426748,0.163077363,0.864310438,-0.195367125
CENCY108,0.642798138,2.720749888,0.930614017,0.890898381,0.035403079,-0.195367125
CENCY109,0.581704393,0.307222487,0.630177741,-0.218445036,-0.224586488,-0.195367125
CENCY110,0.826620888,0.973897906,0.676090877,1.655660496,-0.042668628,-0.195367125
CENCY111,1.627019885,2.654493706,1.295245886,0.344036838,0.789862287,-0.195367125
CENCY112,1.02770195,1.792674583,0.692435355,1.88563418,0.2208703,0.381892702
CENCY113,0.851596442,0.397651112,0.574588985,1.53236739,-0.044857315,-0.195367125
CENCY114,0.0242172,1.314801611,0.91501125,0.02725629,-0.102135778,-0.195367125
CENCY115,1.038240929,1.374169622,0.65078642,1.706412119,0.151577358,-0.195367125
CENCY116,0.888205012,0.445831445,0.571789963,1.548854919,0.365044472,-0.195367125
CENCY117,0.459427485,2.489497769,0.945516275,0.709260892,0.074979195,-0.195367125
CENCY118,0.442173239,2.790763657,1.395564486,1.402359441,0.104290301,-0.195367125
CENCY119,0.547273924,1.788639179,0.898542999,0.479120017,0.140843171,-0.195367125
CENCY120,0.003373389,1.178422845,0.854608371,0.026233718,-0.121615231,-0.195367125
CENCY121,0.015818733,0.768050162,0.507709788,-0.03714131,-0.101570305,-0.195367125
CENCY122,2.113253461,2.778405208,1.253606773,0.45749693,0.839722612,-0.195367125
CENCY123,1.740213951,1.509131386,1.182784713,-0.056747014,0.145591789,-0.195367125
CENCY124,0.695201564,0.641302774,0.268248947,0.285653293,0.402786498,-0.195367125
CENCY125,1.51163797,1.144781959,0.98061345,0.01713283,0.287075536,-0.195367125
CENCY126,2.026245677,2.382701349,1.362117804,0.164243925,0.625360765,-0.195367125
CENCY127,1.77198435,1.883770066,0.858222888,0.468746273,0.984840953,-0.195367125
CENCY128,1.356569899,1.135442044,0.959974072,0.043561878,-0.130804616,-0.195367125
CENCY129,1.714229531,0.958061484,0.720734395,0.233045591,0.785158206,-0.195367125
CENCY130,1.823036935,1.890843306,1.363233223,0.063803867,0.730285781,-0.195367125
CENCY131,0.988586149,1.417202107,0.541871028,1.787485378,0.151558159,-0.195367125
CENCY132,0.504745482,0.423885134,0.227457977,0.569704666,0.152534251,-0.195367125
CENCY133,2.136495596,2.568044616,1.283279738,0.249256366,0.946893936,-0.195367125
CENCY134,1.252776818,3.387163976,1.271333764,2.555335882,0.261341149,0.381892702
CENCY135,0.860731925,1.509533438,0.552362765,0.984334235,-0.051737618,0.381892702
CENCY136,1.368556935,1.170627585,0.879068331,-0.003330893,0.39364885,-0.195367125
CENCY137,-0.228389651,0.143866142,0.081141635,0.372531523,0.705074775,0.966273882
CENCY138,-0.264618877,-0.098764548,0.426384982,-0.318797929,0.690791641,0.966273882
CENCY139,0.82890289,1.189967143,0.833084399,0.285124977,-0.108837128,0.381892702
CENCY140,0.096075862,0.678735308,1.299943422,0.462165649,0.421711262,-0.195367125
CENCY141,0.386506954,0.329659277,0.710778132,-0.21804589,-0.176451535,-0.195367125
CENCY142,0.797667971,0.54115649,0.694505986,0.200219375,-0.156972081,0.381892702
CENCY143,0.679329284,0.380773794,0.311253475,0.114562027,-0.167486978,-0.195367125
CENCY144,0.888321462,2.832896129,1.419459873,1.59772607,0.270536394,0.381892702
CENCY145,0.985595583,1.251375189,0.527947922,1.784264025,0.035866395,-0.195367125
CENCY146,0.919369291,0.512404642,0.608664456,1.641696076,0.11087388,0.59935473
CENCY147,1.075469374,1.955257909,0.623777335,2.081518075,0.084618558,0.381892702
CENCY148,0.181060944,1.593971699,0.875437856,-0.047988778,-0.11926679,-0.195367125
CENCY149,0.124025931,1.08469861,1.609307924,0.746688881,0.566639613,-0.195367125
CENCY150,0.807840048,1.153503571,1.121802276,0.12364698,0.776872327,-0.195367125
CENCY151,-0.366873988,0.359404556,1.04114293,0.13968288,0.851835553,0.966273882
CENCY152,0.189360857,0.869583285,0.794558505,0.517082495,1.074781297,-0.195367125
CENCY153,-0.16229196,0.617755193,0.243751324,0.564063287,0.320723659,-0.195367125
CENCY154,0.11865228,0.682756413,1.337074745,0.772863875,0.766511322,-0.195367125
CENCY156,0.832305482,1.78871433,1.150798154,0.3382558,0.094497046,-0.195367125
CENCY157,2.097462484,2.376536372,0.995218236,0.369001255,1.122431546,-0.195367125
CENCY158,2.075045591,1.898210309,1.345814167,0.256465957,0.924531767,-0.195367125
CENCY159,1.982917273,2.778854871,1.257887393,0.466287188,0.732532089,-0.195367125
CENCY160,1.143222578,3.50038123,1.383628752,1.968485106,0.309476102,0.381892702
CENCY161,0.211804204,1.161162889,0.808617794,0.117420755,-0.130823814,-0.195367125
CENCY162,0.846714244,1.376287407,0.703480992,0.90812303,0.005601019,-0.195367125
CENCY163,0.544686263,0.350575082,1.338342823,0.134816357,-0.136875419,-0.195367125
CENCY164,-0.11710342,0.147945484,0.558326395,-0.063556534,0.586580106,0.966273882
CENCY165,1.207123511,2.37498245,0.633752377,0.282105419,0.646093835,-0.195367125
CENCY166,0.040008826,0.68146401,0.443835257,0.401888199,0.756252174,-0.195367125
CENCY167,0.138217644,1.512292355,0.957928428,0.359504762,0.168862263,-0.195367125
CENCY168,0.817890676,0.975009331,0.635947102,-0.004948272,0.30593778,-0.195367125
CENCY169,-0.137025976,0.257062179,0.986346559,0.077088819,0.71721061,0.966273882
CENCY170,0.153134113,0.60417548,1.315160324,0.292509336,0.688593508,-0.195367125
CENCY171,-0.271811557,0.345526437,0.645823183,0.193134149,0.840901599,0.966273882
CENCY172,0.726969025,1.855945378,1.61927175,0.662761546,0.067095163,-0.195367125
CENCY173,0.090892576,1.385422687,1.558608185,0.808676418,0.203558395,0.381892702
CENCY174,0.400681546,0.164151282,0.048162531,0.387341634,0.132437589,-0.195367125
CENCY175,0.39206098,0.205449627,0.070042626,0.179802909,0.172013705,-0.195367125
CENCY176,0.129320267,0.322664294,0.20152677,1.004342582,0.327127692,-0.195367125
CENCY177,0.915097913,1.649419519,0.646447524,1.223877575,-0.069878221,0.381892702
CENCY178,0.411647644,0.284808039,1.070828722,0.136302332,-0.27508322,-0.195367125
CENCY179,2.136495596,2.662993707,1.294172359,0.136560415,0.887838366,-0.195367125
CENCY181,0.999279316,1.275951001,0.867868462,-0.02649614,0.277301479,-0.195367125
CENCY182,0.865528339,1.028073733,0.597401887,-0.032629185,0.277301479,-0.195367125
CENCY183,0.740254186,1.793480611,1.539228219,0.57753807,0.154169825,-0.195367125
CENCY184,0.20178811,1.815590176,0.936108934,0.146668308,-0.080307883,-0.195367125
CENCY185,0.733496875,0.379086438,0.330407352,1.448149839,0.345584217,0.59935473
CENCY186,0.798054019,0.435030961,0.531434093,1.662043049,0.014623173,-0.195367125
CENCY187,0.450240544,1.804956061,0.884566698,0.484535686,0.018323802,-0.195367125
CENCY188,0.474674355,1.930975907,0.938600075,0.576268812,0.066458756,-0.195367125
CENCY189,1.016162723,2.839408089,1.126181622,1.971527008,0.162690264,0.381892702
CENCY190,-0.000818789,1.21349672,0.871359498,-0.008121056,-0.03454057,-0.195367125
CENCY191,0.853086626,0.837708825,0.468975144,1.325789055,0.093119798,-0.195367125
CENCY192,0.610809181,1.052670762,0.389588571,1.51339058,0.074103661,-0.195367125
CENCY193,0.763569123,1.130813301,1.456006087,0.033710677,0.036058686,-0.195367125
CENCY194,0.909563852,2.241880499,0.98766232,0.434877767,0.575462043,-0.195367125
CENCY195,-0.17223787,0.275781098,0.254505873,0.567318097,1.071796448,0.966273882
CENCY196,1.198286649,3.034527767,1.07343281,2.306241299,0.250826252,0.381892702
CENCY197,-0.26738317,0.215317721,0.500738436,-0.092241961,0.710869105,0.966273882
CENCY198,-0.11092807,0.181206578,0.716682123,-0.013322891,0.419909095,0.966273882
CENCY199,0.423804554,0.248934078,0.175351629,0.006088461,-0.051331898,-0.195367125
CENCY200,0.032984457,0.754081429,0.665614867,0.355204747,0.929816825,-0.195367125
CENCY201,-0.030831993,1.115834419,0.496009306,0.313855746,0.235374368,-0.195367125
CENCY206,0.63453679,1.041493616,0.789231748,0.045374504,0.209706271,-0.195367125
CENCY207,0.078864954,1.361097963,1.019761636,0.139259101,-0.023652491,-0.195367125
CENCY208,0.001581227,0.493396854,0.257719925,0.608258195,1.082697865,0.966273882
CENCY701,1.106561065,2.604740623,0.920306609,1.643957274,0.096367872,0.381892702
CENCY702,1.115890257,2.629246091,1.135166975,1.684534784,0.096367872,0.381892702
CSHCY005,-0.486606439,-0.789921147,-0.470418243,-0.2406893,-0.220172398,-0.195367125
CSHCY006,-0.477985873,-0.427591146,-0.229774361,-0.021666803,-0.104461435,-0.195367125
CSHCY007,-0.477985873,-0.271195717,-0.273508204,0.185161424,0.089803749,-0.195367125
CSHCY008,-0.477985873,0.091527889,0.044967191,0.374159893,-0.131333967,-0.195367125
CSHCY009,-0.466364806,-0.196086515,-0.057055084,-0.379118225,-0.286023035,-0.195367125
CSHCY010,-0.229057245,-0.382182937,-0.153579712,-0.427304779,-0.161097629,-0.195367125
CSHCY011,1.123296968,0.908144223,0.401092913,0.645227824,0.220637671,-0.195367125
CSHCY013,-0.265553338,-0.702696009,-0.285389685,-0.359302752,0.043548036,-0.195367125
CSHCY014,-0.182978838,-0.70239418,-0.27316083,-0.489750003,-0.286023035,-0.195367125
CSHCY015,0.009995668,-0.267828751,-0.18949122,-0.189255177,-0.053964703,-0.195367125
CSHCY016,0.112959405,-0.040558242,-0.169088336,-0.118684851,-0.237907281,-0.195367125
CSHCY017,0.975070429,1.806692606,0.356594709,0.026105367,0.595577904,-0.195367125
CSHCY018,0.065228348,-0.539798747,-0.317400319,0.010510039,0.080048892,-0.195367125
CSHCY024,-0.237101426,-0.568719485,-0.245906901,-0.084870249,0.661951089,-0.195367125
CSHCY025,-0.161900118,-0.456316549,-0.353609393,-0.314824972,0.05358208,-0.195367125
CSHCY026,0.428948342,0.178358717,0.207680982,0.288157223,0.246700704,-0.195367125
CSHCY027,0.103701707,0.078281004,0.205378303,0.254206876,0.216917843,-0.195367125
CSHCY028,-0.201556377,-0.826771247,-0.12489111,-0.631826349,-0.113020273,-0.195367125
CSHCY029,-0.266752906,-0.710083103,-0.289765413,-0.584525768,-0.053385892,-0.195367125
CSHCY030,0.265510025,0.302622205,0.081529454,-0.065168682,0.201081422,-0.195367125
CSHCY031,0.542976121,1.248204377,0.179307832,-0.048456727,0.311818682,-0.195367125
CSHCY039,-0.398355749,-0.488409035,-0.391683185,-0.428413859,-0.083816223,-0.195367125
CSHCY040,-0.451887968,-0.866089412,-0.479263975,-0.835415208,-0.170312073,-0.195367125
CSHCY041,-0.438839015,-0.664214752,-0.354657944,-0.647040402,0.22871397,-0.195367125
CSHCY042,-0.362681809,-0.398944521,-0.293283948,-0.252158864,0.275027558,-0.195367125
CSHCY043,-0.358017213,0.136002873,-0.075055555,0.020637868,-0.170929282,-0.195367125
CSHCY047,-0.46493692,-0.713193003,-0.49190225,-0.602269994,-0.112962676,0.59935473
CSHCY048,-0.145445356,-0.67243411,-0.200907213,-0.335930372,0.039885828,0.381892702
CSHCY049,-0.186870975,-0.633218204,-0.235251492,-0.39960598,0.251789901,0.381892702
CSHCY050,-0.166538491,-0.594642813,-0.399836026,-0.47150024,0.01119193,-0.195367125
CSHCY051,-0.10121334,-0.367554386,-0.161014024,-0.046668352,0.118299495,-0.195367125
CSHCY052,-0.189417139,-0.226745365,0.360131284,-0.275034472,0.586426214,0.966273882
CSHCY053,-0.242949358,-0.226352055,0.415851582,-0.222679795,0.513237818,0.966273882
CSHCY055,-0.353825035,-0.23953177,0.43590155,-0.334202572,0.601354607,-0.195367125
CSHCY056,0.232269487,0.320111879,1.381694328,0.185615608,0.21354588,-0.195367125
CSHCY057,-0.460508533,-0.517384482,-0.42847885,-0.595645224,-0.266524383,0.59935473
CSHCY058,-0.427217947,-0.468598377,-0.447830293,-0.506333052,-0.131314768,0.59935473
CSHCY059,-0.427217947,-0.386872463,0.094325485,-0.44634431,-0.044240107,0.59935473
CSHCY060,-0.495227005,-0.385831883,0.612959132,-0.497751231,-0.121011361,0.59935473
CSHCY061,-0.420261476,-0.677304675,0.696655737,-0.378550801,-0.26717999,-0.195367125
CSHCY062,0.262092454,0.163540473,1.164042495,0.108461141,-0.256220976,-0.195367125
CSHCY064,-0.202557569,-0.437189701,-0.563545289,0.466957812,-0.36279429,0.313712476
CSHCY065,-0.222799202,-0.568743532,-0.670518763,-0.32064636,-0.342697627,-0.195367125
CSHCY066,-0.39740028,-0.568191562,-0.594110827,-0.471142378,-0.322600965,0.59935473
CSHCY067,-0.359917516,-0.186619614,-0.467779328,-0.535579654,0.105022982,0.59935473
CSHCY068,-0.174546246,0.20803523,-0.299280195,-0.24061321,0.181196226,-0.195367125
CSHCY069,-0.201599619,-0.014767841,-0.287222367,0.085712233,0.276245053,-0.195367125
CSHCY070,-0.335011287,-0.305635207,-0.061549444,-0.038812659,0.304469159,-0.195367125
CSHCY071,-0.223899402,-0.184992119,0.136019329,-0.266769986,0.440315181,-0.195367125
CSHCY072,-0.124387577,0.075686134,0.128364798,0.227934354,0.705074775,0.966273882
CSHCY078,-0.41883359,-0.666391023,-0.233354034,-0.274322985,0.051211906,0.59935473
CSHCY079,-0.365301371,-0.407418456,-0.036731683,0.164675012,0.081699834,0.313712476
CSHCY080,-0.260662907,-0.34256532,-0.338983972,-0.091413796,-0.262928186,0.313712476
CSHCY081,-0.25006447,-0.602121093,-0.646572573,-0.384743326,-0.42123265,-0.195367125
CSHCY082,0.111721961,-0.463356176,0.721593522,-0.268994047,-0.119352025,-0.195367125
CSHCY083,-0.283118848,-0.51744828,0.079729702,-0.123066617,0.22206632,-0.195367125
CSHCY088,-0.460744742,-0.748831486,-0.574508976,-0.329562827,-0.131372365,-0.195367125
CSHCY089,-0.421834092,-0.745292161,-0.457151103,-0.127043872,0.095229727,-0.195367125
CSHCY090,-0.352869567,-0.715743481,-0.379540769,-0.274933384,0.075750273,-0.195367125
CSHCY091,-0.318387304,-0.690649709,-0.328431203,-0.269559569,0.103769365,-0.195367125
CSHCY092,0.358518344,-0.316712772,-0.018513597,0.555359881,0.012428624,-0.195367125
CSHCY093,0.627154157,0.295904008,0.063928009,0.488373857,0.072013545,-0.195367125
CSHCY094,0.575978158,0.519010317,0.129298359,0.420562644,0.100649846,-0.195367125
CSHCY096,0.534132852,0.169428205,0.075698241,0.453547803,0.013575184,-0.195367125
CSHCY097,0.50854088,-0.065183064,0.135684493,0.597660181,-0.132535848,-0.195367125
CSHCY099,-0.453315853,-0.749962642,-0.610007386,-0.635242995,-0.412693012,0.59935473
CSHCY100,0.502706883,0.218143738,-0.047300701,0.92776124,0.034294917,0.381892702
CSHCY101,0.6282037,0.18380014,0.143897445,1.152761818,0.014815463,1.176614557
CSHCY102,0.389431314,-0.085666815,-0.182159607,0.311235994,0.064398263,0.59935473
CSHCY103,0.11885809,-0.320189204,-0.273307337,-0.02259553,0.122134181,0.59935473
CSHCY104,-0.02100034,-0.258994833,-0.113507754,-0.316152036,-0.129866921,-0.195367125
CSHCY105,0.42237565,-0.149089813,0.019390622,0.501273233,0.200051996,0.59935473
CSHCY106,-0.283349756,-0.650891342,-0.514944649,-0.634866601,-0.129866921,0.59935473
CSHCY107,-0.290070019,-0.518478591,-0.385270428,-0.384457301,0.045343728,-0.195367125
CSHCY108,-0.132039729,0.028036925,0.06045361,-0.193351124,-0.090908014,-0.195367125
CSHCY128,-0.075512309,1.132518554,0.843247861,0.337412234,-0.102135778,-0.195367125
CSHCY129,-0.202780097,0.529809355,0.365850325,0.040125412,-0.219629708,-0.195367125
INNCY001,-0.339501537,-0.637115972,-0.429143599,-0.474774663,0.093485157,-0.195367125
INNCY003,-0.10917537,-0.647473043,-0.189064485,-0.355185962,0.110344529,-0.195367125
INNCY004,-0.109479477,-0.040194585,-0.270217538,0.981721135,-0.141694971,0.313712476
INNCY005,-0.403020344,-0.69264043,-0.363062535,-0.345203078,-0.229367643,-0.195367125
INNCY006,-0.13244712,-0.538493477,-0.251099179,0.010929032,-0.238543689,-0.195367125
INNCY007,-0.257740202,0.175654956,0.042074896,0.040040916,-0.354254651,-0.195367125
INNCY008,-0.148787437,-0.320826533,-0.133348757,-0.234345913,-0.081416046,-0.195367125
INNCY009,-0.290446621,-0.197711551,-0.292153572,-0.000233256,-0.034427653,-0.195367125
INNCY010,0.349835786,1.319249022,0.39744003,0.40495179,0.123731357,-0.195367125
INNCY011,-0.041590925,-0.671670136,-0.386029342,-0.575380378,-0.09237506,-0.195367125
INNCY012,-0.481941843,-0.501355119,-0.315115333,-0.338866438,0.133035599,-0.195367125
INNCY013,-0.369257341,-0.869695888,-0.63322618,-0.712932067,0.020406374,-0.195367125
INNCY015,-0.474985371,-0.812832889,-0.552266745,-0.557164734,-0.393213558,-0.195367125
INNCY016,-0.414405203,-0.286343366,-0.269230696,-0.237600457,-0.178426793,-0.195367125
INNCY017,-0.399783634,-0.298517534,-0.299227245,0.255781842,0.128622102,-0.195367125
INNCY018,-0.327818607,-0.132774142,-0.165621315,0.12004438,-0.075205649,-0.195367125
INNCY019,-0.379922941,-0.280191316,-0.104241874,0.115576829,0.051445128,-0.195367125
INNCY020,-0.27141502,-0.641211852,-0.164765782,-0.376976565,-0.345097804,0.381892702
INNCY021,-0.156188415,0.082639832,0.296295434,0.125539569,0.671100699,0.966273882
INNCY022,0.02080553,0.208369368,0.117661916,0.330026969,0.425504559,-0.195367125
INNCY023,-0.301248284,-0.786941666,-0.481398052,-0.633859279,0.178796049,-0.195367125
INNCY024,-0.486606439,-0.869441803,-0.547197005,-0.756537995,-0.265501455,-0.195367125
INNCY025,-0.50384757,-0.980331223,-0.649123263,-0.864663994,0.218193213,-0.195367125
INNCY026,-0.474985371,-0.862737902,-0.49477499,-0.732827236,-0.008210728,-0.195367125
INNCY028,-0.423261977,-0.920643862,-0.644966148,-0.736426805,-0.441329313,-0.195367125
INNCY029,-0.423025769,-0.731846117,-0.329242986,-0.317784695,-0.184393163,-0.195367125
INNCY030,-0.39740028,-0.662045849,-0.437780621,-0.669694609,-0.255005757,0.381892702
INNCY031,-0.469365308,-0.540271325,-0.612987123,-0.587785455,-0.42123265,-0.195367125
INNCY032,-0.071480626,-0.522905746,-0.263825541,-0.076998499,0.134991658,-0.195367125
INNCY033,-0.383159651,-0.41937932,-0.119717553,0.343784835,-0.343314836,-0.195367125
INNCY034,-0.383159651,-0.562042501,-0.392575649,-0.014184839,-0.382273743,-0.195367125
INNCY035,-0.21858271,-0.273637537,-0.498994722,-0.623195232,-0.322600965,-0.195367125
INNCY036,-0.50384757,-1.035803369,-0.854359621,-0.902095368,-0.460808766,-0.195367125
INNCY037,-0.477985873,-0.960402449,-0.609258435,-0.806161227,-0.01667357,-0.195367125
INNCY038,-0.469365308,-0.898716336,-0.574101947,-0.720406767,0.002805883,0.381892702
INNCY041,-0.231800708,-0.034566349,-0.165922345,0.532185549,-0.124720385,0.313712476
INNCY042,-0.375730762,-0.308660467,-0.010187004,0.365378752,0.053595418,-0.195367125
INNCY043,-0.34844118,-0.614177267,0.124605864,-0.061796842,-0.295179883,-0.195367125
INNCY044,-0.129376551,-0.201910763,-0.43732974,0.210703535,-0.183775954,-0.195367125
INNCY045,-0.381350826,-0.241074078,-0.074139792,0.589831186,0.054212627,-0.195367125
INNCY046,-0.427454156,-0.725432429,-0.572271987,-0.535577402,0.218931499,0.59935473
INNCY047,-0.473321278,-0.897251396,-0.797856722,-0.621153067,-0.364577258,-0.195367125
INNCY049,0.775404413,0.087778221,-0.047866712,1.177406069,-0.217281267,1.33187168
INNCY050,1.661942584,0.175141205,-0.026445477,0.173720678,-0.071151036,1.33187168
INNCY051,-0.166936884,-0.328562959,-0.28613939,-0.161149864,0.504823446,-0.195367125
INNCY052,-0.045396037,-0.221309508,-0.45250049,0.288681216,0.39943509,-0.195367125
INNCY053,-0.444695287,-0.762080952,-0.465967401,-0.589629105,0.378789877,-0.195367125
INNCY054,-0.326452584,-0.785789479,-0.423628914,-0.602461289,-0.29581629,-0.195367125
INNCY055,-0.414641412,-0.689004312,-0.427650691,-0.501989365,-0.268345749,-0.195367125
INNCY056,-0.062835832,-0.252564686,0.011446326,0.003711589,-0.082639402,0.313712476
INNCY057,0.043383809,0.306468849,0.337673228,-0.002731484,-0.044245967,-0.195367125
INNCY058,-0.121130106,0.681501761,0.45622066,0.168863782,-0.044245967,-0.195367125
INNCY059,-0.359445099,-0.410851764,-0.105780231,-0.354391624,-0.122761792,0.95915253
INNCY060,0.627878456,0.164268181,0.335582968,0.98991689,0.05243552,0.59935473
INNCY061,-0.020331532,0.088022851,-0.141291464,0.898990491,-0.120394152,0.381892702
INNCY062,-0.338717933,-0.933317691,-0.658247531,-0.562010481,-0.198523455,-0.195367125
INNCY063,-0.358866233,-0.219279274,-0.031008113,-0.337866482,-0.074665236,0.95915253
INNCY064,0.094543357,0.010545582,-0.183084153,0.745978502,0.053099565,0.381892702
INNCY065,-0.142266863,-0.115339756,-0.295774614,0.522520027,0.554722168,-0.195367125
INNCY066,-0.227044635,-0.195563158,-0.330268891,0.157534356,-0.324452591,-0.195367125
INNCY067,-0.16379208,-0.197818304,-0.295577507,-0.078586094,-0.265397022,-0.195367125
INNCY068,-0.109212486,-0.142523281,-0.366512613,0.098550137,-0.324452591,-0.195367125
INNCY069,-0.107640299,-0.270078843,-0.438485401,0.124421764,-0.304355929,-0.195367125
INNCY070,1.171784509,-0.039625037,-0.170855559,-0.330370079,-0.207507211,-0.195367125
INNCY071,0.297825355,-0.275150357,-0.143761911,-0.24479885,0.133571425,1.840951282
INNCY072,-0.226897422,-0.169428426,-0.200822285,0.760611095,-0.363411498,-0.195367125
INNCY073,0.896265157,-0.285208538,-0.245640629,-0.372856663,-0.245300359,-0.195367125
INNCY074,-0.359681737,-0.546665384,-0.475992707,-0.440261919,-0.022881412,0.313712476
INNCY075,-0.007810732,0.314158956,-0.012624098,1.19392812,-0.226438114,-0.195367125
INNCY076,0.279800702,0.138240858,1.151343982,0.338344037,-0.236741522,-0.195367125
INNCY077,-0.171601479,-0.083515487,-0.011198998,0.725485063,-0.295179883,-0.195367125
INNCY078,-0.335011287,-0.149664609,0.167227894,-0.232297745,-0.237907281,0.95915253
INNCY079,0.40604956,-0.219722836,0.079504106,0.889177072,-0.016207677,-0.195367125
INNCY080,-0.440503109,-0.196802388,-0.256511376,0.262320027,-0.276866188,-0.195367125
INNCY081,-0.469365308,0.090874366,0.010850569,0.385954703,-0.266543582,-0.195367125
INNCY082,-0.264584924,-0.2877364,-0.328990319,-0.074535033,-0.04298649,-0.195367125
INNCY083,-0.477985873,-0.932219678,-0.633908095,-0.907757132,-0.460808766,-0.195367125
INNCY084,-0.273094711,0.029316652,-0.097889953,0.025154711,-0.247064128,-0.195367125
INNCY085,-0.423261977,-0.602275633,-0.422297877,-0.502624567,-0.293964664,0.381892702
INNCY086,-0.362918018,-0.685894121,-0.655683077,-0.598087775,-0.421849859,-0.195367125
INNCY087,-0.236229095,0.024481112,-0.313778977,0.319519103,-0.104623722,0.313712476
INNCY088,-0.466364806,-0.946342033,-0.543700377,-0.760549863,-0.237482363,0.313712476
INNCY089,-0.103826867,-0.221083597,-0.346316975,-0.034531489,0.030728981,-0.195367125
INNCY090,-0.366873988,-0.330365609,0.128107231,-0.191939407,0.572699107,-0.195367125
INNCY091,-0.486606439,-0.87614328,-0.544051425,-0.739967393,-0.412693012,0.59935473
INNCY092,-0.495227005,-0.655036788,0.666663485,-0.659117879,-0.286659443,-0.195367125
INNCY093,-0.220461602,-0.626500485,-0.444579484,-0.500296818,-0.393213558,-0.195367125
INNCY094,-0.50384757,-1.01381347,-0.724015144,-0.911845829,-0.141816327,-0.195367125
INNCY095,-0.469129099,-0.558398456,-0.304848577,-0.463257761,-0.178426793,-0.195367125
INNCY096,-0.473557486,-0.830767632,-0.585484886,-0.770166532,-0.268288152,-0.195367125
INNCY097,-0.182351737,-0.619146151,-0.387589258,-0.428174177,-0.152634786,-0.195367125
INNCY098,-0.477985873,-0.912769012,-0.622532898,-0.907757132,-0.460808766,-0.195367125
INNCY099,-0.157117141,-0.556970803,-0.416465214,-0.383068554,-0.393194359,-0.195367125
INNCY100,-0.452124176,-0.870825114,-0.600567737,-0.501641755,-0.022264204,-0.195367125
INNCY101,-0.277523098,-0.71766183,-0.641417858,-0.050216137,-0.130311039,0.313712476
INNCY102,-0.290547737,-0.9035031,-0.76090027,-0.739312467,-0.401753197,0.59935473
INNCY103,-0.50384757,-0.986915051,-0.785060311,-0.872843984,-0.460808766,0.381892702
INNCY105,0.778197229,-0.228678385,-0.260589617,-0.553235106,-0.236143512,-0.195367125
INNCY106,-0.120755985,-0.193316926,-0.3523483,0.477694794,-0.026088699,-0.195367125
INNCY107,-0.190125765,-0.0580425,-0.30712034,0.493185888,-0.104623722,0.313712476
INNCY109,-0.469365308,-0.769038104,-0.351096462,-0.697375522,0.090497754,0.381892702
INNCY110,-0.39740028,-0.697403938,-0.630843271,-0.518532578,-0.362177081,0.59935473
INNCY111,0.012129697,-0.492493514,-0.210863586,-0.036222612,-0.198967573,0.313712476
INNCY112,-0.382778711,-0.640739076,-0.475946406,-0.204380325,-0.277502596,-0.195367125
INNCY113,-0.026582289,-0.156078201,-0.310523988,0.520748981,0.437228238,-0.195367125
INNCY114,-0.038820075,0.338485069,-0.059903266,0.645475524,-0.246534777,-0.195367125
INNCY115,0.72521709,0.363952357,0.273830756,0.946364559,0.013575184,-0.195367125
INNCY116,0.319266638,0.403354744,1.005212592,0.170203382,-0.086995895,-0.195367125
INNCY117,0.71563919,-0.146869688,-0.165985785,-0.384257225,-0.246466118,-0.195367125
INNCY118,-0.415833088,-0.502849015,-0.228859407,-0.098759771,-0.29698205,-0.195367125
INNCY119,-0.240802213,-0.646061126,-0.082431219,0.022916695,-0.218447026,-0.195367125
INNCY120,0.276072876,-0.152674116,0.006214683,0.238346889,0.161093088,0.59935473
INNCY121,-0.103828631,0.171274208,-0.185750356,0.463039984,-0.20757587,-0.195367125
INNCY122,-0.425790062,-0.238542614,0.133158803,-0.142106115,-0.316461503,0.95915253
INNCY123,0.219556694,-0.183269507,0.263420388,0.560476801,-0.063102351,-0.195367125
INNCY124,0.75745784,0.482093172,0.497668838,1.295672694,0.374220518,0.59935473
INNCY125,0.247673141,0.00946102,0.937325853,0.428119176,-0.159545349,-0.195367125
INNCY126,0.186516291,0.196125098,-0.09615869,1.042136013,0.189562796,0.381892702
INNCY127,0.450983489,0.169446687,0.021555115,0.641634224,0.034294917,0.381892702
INNCY128,0.247406703,0.073834456,0.048130855,0.468126476,0.288168784,-0.195367125
INNCY129,0.261479643,0.295440329,1.061656687,-0.160395231,-0.119969233,-0.195367125
INNCY130,-0.113367549,-0.488590917,-0.272702373,-0.203704272,-0.23792648,0.313712476
INNCY131,0.411777679,-0.201024351,-0.237711443,0.232051799,-0.052798944,0.381892702
INNCY132,-0.477985873,-0.30233083,-0.240075809,0.313262223,-0.228731235,-0.195367125
INNCY133,-0.382306294,-0.294436589,-0.440988146,-0.121818861,-0.218427827,-0.195367125
INNCY134,0.529140208,0.660296401,0.172422878,0.326612393,0.268213291,-0.195367125
INNCY135,-0.143936816,-0.277692233,-0.199015848,-0.162239094,0.022266138,-0.195367125
INNCY136,1.338739981,1.968913023,0.552797582,0.205221161,0.606517719,-0.195367125
INNCY137,-0.495227005,-0.657538186,-0.405028949,-0.455428325,-0.268268953,-0.195367125
INNCY138,-0.428882041,-0.152336401,-0.401348803,0.223850415,-0.15083262,-0.195367125
INNCY139,-0.233274346,-0.563922714,-0.378878468,-0.110338374,-0.161791634,0.313712476
INNCY140,0.030139587,-0.613266647,-0.301500973,-0.632273643,0.255311277,-0.195367125
INNCY141,0.003820318,-0.396971034,-0.243622519,-0.32585584,-0.014407786,-0.195367125
INNCY142,-0.452124176,-0.312544184,-0.358382744,-0.368177626,-0.015623005,-0.195367125
INNCY143,-0.201928082,-0.258423327,0.005713931,-0.351540057,-0.159951069,-0.195367125
INNCY144,0.055543712,-0.33441373,-0.214615545,-0.237106822,-0.012644017,-0.195367125
INNCY145,-0.221965147,0.226683487,-0.069400799,-0.05995219,-0.111218106,-0.195367125
INNCY146,-0.482178052,-0.543068162,-0.106353247,-0.617389444,-0.01574436,-0.195367125
INNCY147,-0.423261977,0.284396397,-0.1770904,0.479372056,-0.353618243,-0.195367125
INNCY148,0.249028756,0.099370565,-0.14461027,0.710105349,-0.265926373,-0.195367125
INNCY149,-0.466364806,-0.352363611,-0.136182541,-0.573948895,-0.334157989,-0.195367125
INNCY150,-0.056880714,-0.058452057,-0.126488703,0.325588597,0.158989635,-0.195367125
INNCY151,-0.477985873,-0.180944142,-0.183216061,0.377499211,-0.305502489,-0.195367125
INNCY152,-0.409021348,-0.756831599,-0.221412705,-0.634833498,-0.053983902,-0.195367125
INNCY153,-0.495227005,-0.737385443,-0.502220305,-0.313562395,-0.316442304,-0.195367125
INNCY154,0.118479098,0.821252719,0.542766214,0.006943685,-0.149686059,-0.195367125
INNCY155,-0.202494002,-0.329380183,-0.204158696,-0.188886155,0.083066278,-0.195367125
INNCY156,-0.340518867,-0.307355107,0.037765968,-0.392184419,-0.315276545,-0.195367125
INNCY157,-0.452124176,-0.53850904,-0.32606016,-0.273912571,-0.248866295,-0.195367125
INNCY158,-0.431882543,0.061038536,-0.184563895,0.406663501,-0.353637442,-0.195367125
INNCY159,-0.241124936,0.284925264,-0.10027462,0.560970533,-0.295199082,-0.195367125
INNCY160,-0.495227005,-0.671028038,-0.236737288,-0.67095069,-0.393194359,-0.195367125
INNCY161,-0.477985873,-0.375750879,-0.193530593,0.016947019,-0.316461503,-0.195367125
INNCY162,-0.192804708,-0.22451832,-0.197824815,-0.203846372,-0.082601004,-0.195367125
INNCY163,-0.148787437,-0.208881291,0.02990625,-0.190327771,-0.120992162,-0.195367125
INNCY164,-0.424279308,-0.120584124,0.006746079,-0.222597596,-0.314659336,-0.195367125
INNCY165,-0.431646334,-0.649123916,-0.451246023,-0.646635975,-0.209907388,-0.195367125
INNCY166,0.437479841,-0.007245643,0.417469102,1.028397624,-0.131333967,-0.195367125
INNCY167,0.265806915,-0.098783599,1.058724292,0.1466174,-0.255603767,-0.195367125
INNCY168,0.014008481,-0.048496218,-0.201966693,0.458734362,-0.100953096,-0.195367125
INNCY169,-0.116524554,0.127799338,0.64690411,0.138127427,-0.07142856,-0.195367125
INNCY170,-0.477985873,-0.142108775,-0.224665576,0.344483724,0.013032495,-0.195367125
INNCY171,0.306933795,0.33701439,-0.033073081,0.165259315,0.015451871,-0.195367125
INNCY172,-0.257740202,0.305672989,0.085011789,0.046173961,-0.354254651,-0.195367125
INNCY173,0.227791052,-0.10856009,-0.081636675,-0.188354516,0.103066946,-0.195367125
INNCY174,-0.470556984,-0.766897551,-0.481766394,-0.690696899,-0.036904625,-0.195367125
INNCY175,-0.243404322,-0.661585578,-0.183099658,-0.375800342,0.348079007,0.381892702
INNCY176,0.241953402,-0.512475308,-0.551930461,0.216080819,-0.179044002,0.313712476
INNCY177,-0.466364806,-0.853261977,-0.768939718,-0.817834693,-0.441329313,-0.195367125
INNCY178,-0.201341578,-0.687072794,-0.693689433,-0.205518853,-0.184393163,0.59935473
INNCY179,-0.042292995,0.122873597,0.157642921,1.20454236,-0.226438114,-0.195367125
INNCY180,0.392789585,0.131223986,-0.029808503,0.559021053,0.005639417,0.381892702
INNCY181,-0.075884784,-0.541491759,-0.415950153,-0.388251041,-0.170331272,0.313712476
INNCY182,-0.431882543,-0.928344424,-0.675952704,-0.630179213,-0.189366608,-0.195367125
INNCY183,-0.054151792,-0.128263677,-0.167851727,0.023173078,0.148955313,-0.195367125
INNCY184,0.557495299,0.663752004,0.150056278,0.894882979,-0.043661296,-0.195367125
INNCY185,-0.334600732,0.136267292,-0.185183096,-0.013604002,-0.18121349,-0.195367125
INNCY186,-0.352314281,-0.445272033,-0.188912262,-0.371278525,-0.130716758,-0.195367125
INNCY187,-0.474985371,-0.778381715,-0.557844634,-0.542362775,-0.393213558,-0.195367125
INNCY188,-0.460508533,-0.719955849,-0.531678387,-0.614064804,-0.30548329,0.59935473
INNCY189,-0.444459079,-0.61290342,-0.228385155,-0.234993261,0.065440391,-0.195367125
INNCY190,-0.231945439,-0.399371564,0.002385954,0.194871044,-0.275700429,-0.195367125
INNCY191,-0.222852456,-0.159587734,-0.326212883,0.217989393,-0.324452591,-0.195367125
INNCY192,0.808032098,-0.179738245,-0.291953408,0.402846418,-0.284876475,1.840951282
INNCY193,0.065729394,0.158372513,-0.202037367,0.92497134,-0.081473642,0.381892702
INNCY195,-0.477985873,-0.295116116,-0.250151305,0.303511762,-0.228731235,-0.195367125
INNCY196,-0.414641412,0.288424383,-0.191861437,0.607264232,-0.246446919,-0.195367125
INNCY197,-0.313601289,-0.403336064,-0.132139193,-0.543613367,-0.161097629,-0.195367125
INNCY198,-0.477985873,-0.084140386,-0.152947926,0.332688915,0.013013296,-0.195367125
INNCY199,-0.414641412,-0.474004986,-0.541468562,-0.349249197,-0.314061326,0.59935473
INNCY200,-0.318961832,-0.273028707,-0.20657793,0.136945383,0.093459483,-0.195367125
INNCY201,-0.495227005,-0.892028558,-0.566601844,-0.738084573,-0.373116896,0.59935473
INNCY202,-0.258854511,-0.206799736,-0.314902506,-0.081642539,-0.323835382,-0.195367125
INNCY203,-0.449123674,-0.949000505,-0.724185088,-0.785179111,-0.353637442,-0.195367125
INNCY204,-0.32662693,-0.697643249,-0.706064413,-0.510499558,-0.294581873,-0.195367125
INNCY205,-0.219132695,0.01653317,-0.217780459,0.219272239,-0.188200849,-0.195367125
INNCY206,-0.394399779,-0.897494383,-0.63228583,-0.560367963,-0.189366608,-0.195367125
INNCY208,-0.290478092,-0.299928196,-0.306155616,0.512202889,-0.334775198,-0.195367125
INNCY209,-0.292525607,-0.777946628,-0.291803759,-0.458347643,-0.286042234,-0.195367125
INNCY210,-0.321962334,0.592567782,0.057716811,0.69390423,-0.236760721,-0.195367125
INNCY211,-0.369555412,-0.801568354,-0.432707119,-0.455197056,-0.209888189,-0.195367125
INNCY212,-0.36553758,0.044846697,-0.318283649,0.682094255,-0.09177705,-0.195367125
INNCY213,-0.269753408,-0.678581751,-0.283496203,-0.44803176,-0.043044087,-0.195367125
INNCY214,-0.443503611,-0.052422555,-0.219915735,0.471194896,-0.015623005,-0.195367125
INNCY215,-0.211114568,-0.603208904,-0.384675419,-0.657232878,-0.198909976,-0.195367125
INNCY216,0.64642009,0.919292846,0.078098762,0.074999257,0.329534367,-0.195367125
INNCY217,-0.451887968,-0.759530744,-0.299346206,-0.825664747,0.324945479,-0.195367125
INNCY218,-0.414405203,-0.280335979,-0.260010312,-0.116551049,-0.178426793,-0.195367125
INNCY219,-0.300277219,-0.804392593,-0.562068541,-0.77025861,-0.285598117,-0.195367125
INNCY220,-0.486606439,-0.47564243,0.165057451,-0.529046963,-0.275719628,0.59935473
INNCY221,-0.50384757,-1.012923092,-0.724989172,-0.850214569,-0.373116896,-0.195367125
INNCY222,-0.50384757,-0.951362661,-0.493558017,-0.853343062,-0.412693012,0.59935473
INNCY223,0.250573968,-0.437507952,-0.529185198,0.376224149,0.603937646,-0.195367125
INNCY224,-0.380159149,-0.726471232,-0.66540841,-0.418853163,-0.102272748,-0.195367125
INNCY225,-0.258043345,-0.189385878,-0.147098018,0.477994463,-0.284876475,-0.195367125
INNCY226,-0.318006364,-0.131972062,-0.172567752,0.436130065,-0.005992037,0.313712476
INNCY227,-0.067688401,-0.561626388,-0.305456256,-0.132824784,-0.266524383,-0.195367125
INNCY229,0.240181426,0.077089858,1.176496666,0.416335278,-0.196548197,-0.195367125
INNCY230,-0.19043447,-0.111623552,0.139863439,-0.03076828,-0.218447026,1.468232131
INNCY231,-0.158308817,-0.56271926,-0.301379784,-0.087523335,-0.209907388,-0.195367125
INNCY232,-0.443503611,-0.171337148,-0.415652041,0.220323388,-0.131353166,-0.195367125
INNCY233,-0.003608571,-0.626429265,-0.352757526,-0.477283143,-0.022966623,-0.195367125
INNCY234,-0.392971893,-0.456200025,-0.404500475,-0.303962834,0.178796049,-0.195367125
INNCY235,-0.474985371,-0.813913482,-0.575217917,-0.557164734,-0.393213558,-0.195367125
INNCY236,-0.191548687,-0.81027942,-0.261133138,-0.359125743,0.18425229,0.381892702
INNCY237,-0.50384757,-0.71670984,-0.593934407,-0.516676914,-0.441329313,-0.195367125
INNCY238,-0.270306104,-0.601357423,-0.598172343,-0.367688582,-0.460808766,0.313712476
INNCY239,-0.2354376,-0.691999252,-0.401788236,-0.236248875,-0.315295744,-0.195367125
INNCY240,-0.495227005,-0.987978862,-0.773362909,-0.781571959,-0.441329313,-0.195367125
INNCY241,-0.143692267,-0.187055556,-0.232211701,0.891362327,-0.275719628,-0.195367125
INNCY242,-0.135341174,-0.214592428,-0.228188208,0.84029046,-0.229386842,0.313712476
INNCY243,-0.220436679,-0.343052243,-0.080302426,-0.450896996,-0.161097629,-0.195367125
INNCY244,-0.437502607,-0.267540053,-0.342614804,-0.043353423,-0.15083262,-0.195367125
INNCY245,0.309029569,-0.526953089,-0.411364345,-0.378216764,0.2920239,-0.195367125
INNCY246,0.46393945,-0.04460775,-0.201559393,0.04913464,-0.092336662,-0.195367125
INNCY248,-0.347351614,-0.619876865,-0.397765428,-0.171670392,-0.033635412,-0.195367125
INNCY249,-0.460744742,-0.38378995,-0.531585869,-0.133986831,-0.381656534,-0.195367125
INNCY251,-0.020288289,-0.517020682,-0.074806011,0.328051443,-0.09177705,-0.195367125
INNCY252,-0.162272288,-0.034664355,-0.263238167,0.450925549,-0.324452591,-0.195367125
INNCY253,0.552349554,-0.191013426,-0.273680013,0.387637053,-0.441329313,1.33187168
INNCY254,-0.322434751,-0.560850135,-0.411153515,-0.361400147,0.170218013,-0.195367125
INNCY255,-0.098547316,-0.279526595,-0.260658534,0.637022303,0.494500839,-0.195367125
INNCY256,-0.117658706,-0.017890395,0.632213944,0.176146623,-0.159545349,-0.195367125
INNCY257,-0.070301836,0.000994953,-0.236551219,0.482712801,-0.246534777,-0.195367125
INNCY258,0.230201313,-0.060902072,-0.193180797,0.664626387,0.456707691,-0.195367125
INNCY259,-0.317770156,-0.436488629,-0.219336979,-0.36291677,-0.141694971,-0.195367125
INNCY260,-0.41883359,-0.876743417,-0.551028705,-0.591177369,-0.045019345,-0.195367125
INNCY261,-0.469365308,-0.854575968,-0.674178426,-0.591624157,-0.150851818,-0.195367125
INNCY263,1.077459398,0.112558305,-0.090700318,0.747676305,-0.226438114,1.840951282
INNCY264,-0.095208065,0.156091669,-0.149445004,0.428772302,-0.227055323,-0.195367125
INNCY265,-0.077076461,-0.592962575,-0.422563142,-0.383006152,-0.218447026,0.313712476
INNCY266,1.810067299,0.37457584,0.218551026,0.687038198,-0.071151036,1.33187168
INNCY269,0.661057554,0.200080928,0.08986755,0.702422232,0.013575184,-0.195367125
INNCY270,-0.382778711,-0.55516113,-0.418138822,-0.178267843,-0.198350364,-0.195367125
INNCY271,-0.290371643,-0.072820631,0.09613106,-0.272429194,0.07943916,0.95915253
INNCY272,-0.071692606,-0.444332189,-0.182942593,0.317935065,-0.189810726,0.313712476
INNCY273,-0.220436679,-0.418999008,-0.213685516,-0.137125732,-0.200673745,-0.195367125
INNCY274,0.632988629,0.217833313,-0.064000173,0.351699039,0.285042402,-0.195367125
INNCY275,-0.271796586,0.170658767,-0.235153308,1.418333292,-0.043680494,0.313712476
INNCY276,0.692920859,1.114605359,0.090656577,0.050112276,0.272878974,-0.195367125
INNCY277,-0.279815833,-0.672422317,-0.275861352,-0.710262286,0.119484453,-0.195367125
INNCY278,-0.333583402,-0.066262577,-0.096494053,0.008235389,-0.015603806,-0.195367125
INNCY279,-0.167640438,-0.511896941,-0.137135852,-0.612742717,0.090845876,-0.195367125
INNCY280,-0.281927171,-0.813902255,-0.173953953,-0.75898199,-0.09237506,-0.195367125
INNCY281,-0.310296681,-0.835596496,-0.565592325,-0.627487586,0.754655059,-0.195367125
INNCY282,-0.469365308,-0.241014733,-0.113235846,0.182035733,-0.209232582,-0.195367125
INNCY284,-0.324321374,0.585200739,0.379205992,-0.066137083,-0.258588615,0.95915253
INNCY285,-0.486606439,-0.793042437,-0.490845586,-0.415063624,-0.220172398,-0.195367125
INNCY286,-0.344947255,-0.393006132,-0.056921732,-0.540991425,-0.382890952,-0.195367125
INNCY287,0.477224611,0.019610738,0.118439986,0.125567858,-0.092336662,-0.195367125
INNCY288,-0.081314526,-0.087151641,-0.125745378,0.247520528,0.159606844,-0.195367125
INNCY289,-0.446123173,-0.816805826,-0.485628159,-0.464371534,-0.218002909,-0.195367125
INNCY290,-0.375494553,-0.285818301,-0.06692732,0.037665218,0.167194488,-0.195367125
INNCY291,-0.420261476,-0.589031479,-0.44696131,-0.192574827,-0.325599151,-0.195367125
INNCY292,-0.27141502,-0.647252999,-0.224136595,-0.367226104,-0.29698205,0.381892702
INNCY293,-0.486606439,-0.741233757,-0.346174921,-0.620208113,-0.247083327,0.59935473
INNCY295,-0.096784953,-0.282391287,-0.131279221,0.034868185,0.099404714,-0.195367125
INNCY296,-0.473321278,-0.690795435,-0.35936642,-0.41128041,0.065440391,-0.195367125
INNCY297,-0.224262889,-0.63915888,-0.436363234,-0.481342779,-0.036923824,-0.195367125
INNCY298,-0.477985873,-0.953999791,-0.697905841,-0.898006671,-0.345663277,-0.195367125
INNCY299,-0.414405203,-0.390423265,-0.303783302,-0.268337815,-0.178426793,-0.195367125
INNCY300,-0.403020344,-0.655590392,-0.266584304,-0.139942496,-0.286659443,-0.195367125
INNCY301,-0.186870975,-0.643506433,-0.239965062,-0.39960598,0.251789901,0.381892702
INNCY302,-0.364109694,-0.295970977,-0.416187647,-0.356958112,-0.286023035,-0.195367125
INNCY303,-0.388543506,-0.305697696,-0.322062565,-0.20332973,-0.133097736,-0.195367125
INNCY304,-0.388543506,-0.464270154,-0.0501053,0.180879525,-0.141094685,-0.195367125
INNCY306,-0.109134918,-0.375735842,-0.498936838,-0.212969456,-0.342080418,0.313712476
INNCY307,-0.46493692,-0.854750305,-0.469155405,-0.74965815,0.022285337,-0.195367125
INNCY308,-0.495227005,-1.02330618,-0.656120974,-0.806161227,-0.460808766,0.381892702
INNCY310,0.58847785,-0.310419195,-0.421639246,-0.201684487,-0.42123265,-0.195367125
INNCY312,-0.388779715,-0.618510931,-0.620268402,-0.390196654,-0.42123265,0.313712476
INNCY313,-0.39740028,-0.603323103,-0.30977679,-0.622512774,-0.234909094,0.381892702
INNCY314,-0.414641412,-0.861413294,-0.559985124,-0.74965815,-0.382273743,0.381892702
INNCY317,-0.50384757,-1.008897651,-0.798202503,-0.882594445,-0.460808766,0.381892702
INNCY318,-0.428882041,-0.909340922,-0.814072073,-0.637731956,-0.412673813,-0.195367125
INNCY319,0.791009973,-0.271744163,-0.26560138,-0.543484645,-0.236143512,-0.195367125
INNCY320,-0.39740028,-0.731750741,-0.466222688,-0.726626905,-0.255005757,0.381892702
INNCY322,-0.495227005,-1.031360511,-0.712467855,-0.788230776,-0.460808766,0.381892702
INNCY323,-0.021160889,-0.493171091,-0.315762955,-0.405707615,-0.130755156,0.313712476
INNCY325,-0.368363736,-0.3573254,-0.06621958,-0.262500801,-0.268345749,0.313712476
INNCY326,-0.486606439,-0.807743417,-0.640104536,-0.742570115,-0.248866295,-0.195367125
INNCY328,-0.146695251,-0.338472945,-0.303117815,0.130496964,0.485343992,-0.195367125
INNCY329,1.263991169,-0.004456884,-0.054323684,0.002688064,0.57481883,-0.195367125
INNCY330,-0.077730725,0.141459171,-0.172574605,0.303716306,-0.285493684,-0.195367125
INNCY331,0.666299149,-0.356716699,-0.490780447,-0.427400932,0.418365993,-0.195367125
INNCY332,-0.106829133,0.185866648,0.15530073,0.899646652,-0.226438114,-0.195367125
INNCY333,-0.449123674,-0.724903567,-0.499871362,-0.664092548,-0.268345749,-0.195367125
INNCY334,0.547618107,0.012807389,-0.215193806,0.29107082,0.102315043,1.176614557
INNCY335,-0.123826555,-0.663010239,-0.393402115,-0.294684374,-0.082195284,-0.195367125
INNCY338,-0.340693213,-0.773758436,-0.237260089,-0.526578777,-0.229367643,-0.195367125
INNCY339,-0.469365308,-0.103123658,-0.006580834,0.228572102,-0.286023035,-0.195367125
INNCY340,-0.495227005,-0.874620523,-0.608427664,-0.507777398,-0.316403906,-0.195367125
INNCY341,-0.23250437,0.245470912,-0.084906163,0.60310087,-0.247083327,-0.195367125
INNCY342,-0.398417611,-0.379569081,-0.341136399,-0.308687062,-0.150196212,-0.195367125
INNCY343,-0.415833088,-0.534382438,-0.265078149,-0.118260693,-0.200750541,-0.195367125
INNCY344,-0.473557486,-0.699577881,-0.336942515,-0.831323914,-0.074182721,-0.195367125
INNCY345,-0.495227005,-0.816219281,-0.476503572,-0.726771224,-0.296924453,-0.195367125
INNCY346,-0.126720608,-0.203349925,-0.315154968,0.830539999,-0.229386842,0.313712476
INNCY347,-0.331302159,-0.356895819,-0.295604232,0.074961589,0.101593401,-0.195367125
INNCY348,-0.50384757,-0.659157325,-0.535125958,-0.562501424,-0.353637442,-0.195367125
INNCY349,-0.310577475,-0.039833481,-0.062865643,0.233958268,-0.091332933,-0.195367125
INNCY350,-0.452124176,-0.848002897,-0.655956981,-0.35191626,-0.022264204,-0.195367125
INNCY351,-0.470556984,-0.64228618,-0.387836759,-0.554202892,-0.277502596,-0.195367125
INNCY352,-0.431882543,-0.652914406,-0.590674184,-0.526712568,-0.401753197,-0.195367125
INNCY353,-0.389262766,-0.711458326,-0.436793172,-0.422588893,0.161671899,-0.195367125
INNCY354,-0.013192823,0.03730612,-0.044302843,0.138751108,-0.074678574,-0.195367125
INNCY355,-0.50384757,-0.715625349,-0.48186465,-0.428575011,-0.412693012,-0.195367125
INNCY356,-0.486606439,-0.778374879,-0.477447131,-0.843684679,-0.208846062,-0.195367125
INNCY357,-0.449123674,-0.629494912,-0.452010187,-0.3502148,-0.393194359,0.59935473
INNCY358,-0.264474145,-0.037374316,-0.172786752,0.027070133,-0.094685103,-0.195367125
INNCY359,-0.300277219,-0.707701891,-0.496122135,-0.784708035,-0.152634786,-0.195367125
INNCY360,-0.431882543,-0.631933039,-0.412406042,-0.375377487,-0.393194359,0.59935473
INNCY361,-0.207195369,-0.407488191,-0.356438124,-0.243048861,0.152109333,-0.195367125
INNCY363,-0.431646334,-0.430292744,-0.009984189,-0.136266607,-0.04380185,-0.195367125
INNCY364,-0.08612651,0.130177935,-0.364302523,-0.234410077,0.279808713,-0.195367125
INNCY365,-0.469365308,-1.007675672,-0.66681315,-0.806161227,-0.441329313,0.381892702
INNCY366,-0.50384757,-0.958972422,-0.661098504,-0.758979392,-0.056249686,-0.195367125
INNCY368,-0.381114617,-0.45198281,-0.424310772,-0.072429587,-0.421849859,-0.195367125
INNCY369,-0.4402669,-0.709457854,-0.544667607,-0.570483243,-0.373734105,0.59935473
INNCY370,-0.27323696,-0.305017468,-0.390898194,0.18598408,-0.159391457,-0.195367125
INNCY371,-0.106829133,0.029336603,-0.094726422,0.697831384,-0.168721395,-0.195367125
INNCY372,-0.283287893,-0.099252044,0.184532594,-0.118433153,-0.286042234,0.95915253
INNCY373,-0.24918657,0.043012428,-0.246182028,0.222418375,-0.207680303,-0.195367125
INNCY374,-0.016732502,-0.316677534,-0.024055359,-0.152631094,-0.130755156,0.313712476
INNCY376,0.91724411,0.057553505,-0.156331978,1.161955914,-0.323835382,1.33187168
INNCY377,-0.146459042,-0.12938773,-0.364510646,0.374936943,0.418914543,-0.195367125
INNCY378,-0.077966934,0.055055794,-0.203194264,0.878035526,0.64179683,0.381892702
INNCY379,-0.313958917,-0.791596486,-0.333990644,-0.370018282,0.152521527,-0.195367125
INNCY380,-0.078000971,-0.257627825,0.045860298,-0.332204718,-0.074665236,0.95915253
INNCY381,-0.097554303,-0.623459523,-0.487560349,0.046705153,-0.460808766,0.59935473
INNCY382,-0.113367549,-0.485562601,-0.285536923,-0.241135646,-0.218447026,0.313712476
INNCY383,-0.162980914,-0.088406924,0.453216747,0.556954183,-0.140065896,-0.195367125
INNCY384,-0.075686121,-0.221251177,-0.389560997,0.35785706,0.408591937,-0.195367125
INNCY385,-0.290161496,-0.648754871,-0.419223545,-0.192150874,-0.286659443,-0.195367125
INNCY386,0.623450069,0.140270512,0.290548918,0.903817706,0.05243552,0.59935473
INNCY387,0.398409649,0.251997714,0.008200148,1.013453063,0.08417444,0.381892702
INNCY388,-0.075884784,-0.610114174,-0.395892258,-0.467740705,-0.266562781,0.313712476
INNCY389,-0.191524035,-0.217858588,-0.286674659,0.012121239,-0.07142856,-0.195367125
INNCY390,-0.313958917,-0.766262596,-0.211214494,-0.486299481,0.210940689,-0.195367125
INNCY391,-0.196990759,0.0735109,-0.206917734,0.559161796,-0.285493684,-0.195367125
INNCY393,0.023479493,-0.197595375,-0.180310398,0.795572302,0.465864538,-0.195367125
INNCY394,-0.027435217,0.105506066,-0.207872567,0.868600015,-0.033357888,0.381892702
INNCY395,0.236461665,0.066179347,1.149067775,0.33468008,-0.15758929,-0.195367125
INNCY396,-0.389971391,-0.87135143,-0.533107324,-0.58913302,-0.045019345,-0.195367125
INNCY398,-0.064681772,0.284395615,-0.054134137,0.595966745,-0.285493684,-0.195367125
INNCY399,-0.392735685,-0.139537338,0.2849791,-0.049616153,-0.286042234,0.95915253
INNCY400,-0.080586925,-0.413927959,0.258802117,0.58984726,-0.15083262,-0.195367125
INNCY401,-0.375730762,-0.58863741,-0.318858604,-0.186274261,0.101986397,-0.195367125
INNCY402,0.16120988,-0.220152653,-0.253409523,0.146997383,-0.120394152,0.381892702
INNCY403,-0.080313172,-0.50473972,-0.503347935,0.042812031,-0.460808766,0.59935473
INNCY404,-0.460744742,-0.746970271,-0.574777155,-0.401418425,-0.150851818,-0.195367125
INNCY405,-0.277397669,-0.121102841,-0.204570132,-0.038671946,-0.014948199,-0.195367125
INNCY406,-0.36553758,0.404236772,-0.107556249,0.768134374,-0.295199082,-0.195367125
INNCY407,-0.437502607,-0.144074853,-0.383659299,0.008859755,-0.247064128,-0.195367125
INNCY408,-0.206016808,0.669223076,0.221392756,0.324854447,-0.275719628,-0.195367125
INNCY409,-0.421834092,-0.792298175,-0.227069137,-0.681541455,-0.189791527,-0.195367125
INNCY410,-0.002277632,-0.083056586,0.03755427,-0.18641224,-0.035025663,-0.195367125
INNCY411,-0.184686951,-0.294184353,0.017296801,-0.408472353,0.004338964,-0.195367125
INNCY412,-0.331898302,-0.52835535,-0.145155356,-0.542534279,0.051870047,-0.195367125
INNCY413,0.20474183,0.077745475,0.135277348,0.392194526,0.207741797,-0.195367125
INNCY414,-0.172694178,-0.676267732,-0.393145353,-0.345435501,0.110344529,-0.195367125
INNCY415,-0.356917014,0.412274739,-0.098069349,0.770178722,-0.314678535,-0.195367125
INNCY416,-0.126720608,-0.100301522,-0.224908896,1.021328609,-0.229386842,0.313712476
INNCY417,-0.174358272,-0.778920475,-0.263386944,-0.606192382,-0.237888082,-0.195367125
INNCY418,-0.148787437,-0.337417146,-0.160043064,-0.234345913,-0.081416046,-0.195367125
INNCY419,-0.356742668,-0.718924963,-0.431969596,-0.525571317,0.054526249,-0.195367125
INNCY420,-0.262136545,-0.680904774,-0.397762762,-0.324743992,-0.393213558,0.313712476
INNCY421,0.035159938,-0.496666432,-0.10979319,-0.618962854,0.13898083,-0.195367125
INNCY422,-0.431882543,0.211839141,-0.191538754,0.455328713,-0.353637442,-0.195367125
INNCY423,-0.203220471,-0.847956638,-0.288107016,-0.622075888,-0.20927098,-0.195367125
INNCY424,-0.0218056,0.125712274,-0.176199566,0.726327303,-0.286023035,-0.195367125
INNCY425,-0.43307422,-0.619822493,-0.28067781,-0.338478972,0.013438215,-0.195367125
INNCY426,0.172111688,-0.083341248,-0.238619335,-0.267370717,-0.130735957,-0.195367125
INNCY427,-0.367003748,-0.197301697,-0.210035701,0.666693126,-0.111873712,0.313712476
INNCY428,-0.158308817,-0.309596672,-0.18588538,0.492908626,-0.152634786,-0.195367125
INNCY429,-0.012229137,-0.603551779,-0.369519742,-0.430101309,-0.071082378,-0.195367125
INNCY430,-0.381244377,-0.217704196,-0.018280455,-0.518939603,-0.209232582,-0.195367125
INNCY431,-0.358383182,-0.219655242,-0.302467086,0.490403175,-0.063757958,-0.195367125
INNCY432,-0.469365308,-0.380225684,-0.11949278,0.138945192,-0.30548329,-0.195367125
INNCY433,-0.148787437,-0.21393482,0.066262539,-0.170826848,-0.120992162,-0.195367125
INNCY434,-0.495227005,-0.787201401,-0.499348627,-0.669838928,-0.2487895,-0.195367125
INNCY435,-0.187171016,-0.500649515,-0.161808033,-0.386201828,-0.141656573,-0.195367125
INNCY436,-0.352382179,-0.022383027,-0.267327853,1.298921765,-0.131372365,0.313712476
INNCY437,-0.009675564,1.069806012,0.833445841,0.050997172,0.013575184,-0.195367125
INNCY438,0.021061449,-0.353375482,-0.167328022,-0.20581109,0.044647784,-0.195367125
INNCY439,0.556724641,0.149551988,-0.076307305,0.183063456,-0.025849617,-0.195367125
INNCY440,-0.469365308,-0.736553124,-0.455595617,-0.083337117,-0.316403906,-0.195367125
INNCY441,-0.486606439,-0.417596863,-0.36637586,0.23534303,-0.132461328,-0.195367125
INNCY442,-0.089814227,-0.59246369,-0.232893261,-0.533729114,-0.06252354,-0.195367125
INNCY443,-0.154065922,-0.635704939,-0.190589691,-0.317605673,0.280483799,0.381892702
INNCY444,-0.042055022,0.05067044,-0.005569096,0.148501569,0.108685193,-0.195367125
INNCY445,-0.394399779,-0.65945014,-0.2359443,-0.081531808,-0.334775198,-0.195367125
INNCY446,-0.27141502,-0.643667397,-0.161524005,-0.386727026,-0.29698205,0.381892702
INNCY447,-0.349015708,-0.738215357,-0.215104091,-0.355431294,0.232368044,0.381892702
INNCY448,-0.300277219,-0.83208239,-0.608580067,-0.799417915,-0.441329313,-0.195367125
INNCY449,-0.474985371,-0.784767566,-0.587510007,-0.691307166,0.280483799,-0.195367125
INNCY451,-0.446123173,-0.825282303,-0.524223511,-0.501802908,-0.373734105,-0.195367125
INNCY453,-0.165737706,-0.573026081,-0.440506943,-0.422070398,-0.393194359,-0.195367125
INNCY455,-0.292614603,-0.770563776,-0.544388582,-0.573901986,-0.412693012,-0.195367125
INNCY456,-0.339922725,-0.349331671,-0.278102225,0.000451375,0.101593401,-0.195367125
INNCY457,-0.184501363,-0.45176458,-0.280306233,-0.149725168,-0.133116935,-0.195367125
INNCY458,-0.211841036,-0.796584577,-0.522626439,-0.80050206,-0.42123265,-0.195367125
INNCY459,-0.352252418,-0.291905133,-0.244622407,-0.063946079,-0.003216144,-0.195367125
INNCY460,-0.451887968,-0.879350883,-0.505751525,-0.825664747,-0.218447026,-0.195367125
INNCY461,-0.435838513,-0.416829744,-0.365911676,-0.418663398,-0.092355861,0.59935473
INNCY462,-0.474985371,-0.757287561,-0.540637227,-0.542362775,-0.393213558,-0.195367125
INNCY463,-0.50384757,-0.914707041,-0.621840359,-0.718419525,0.162103293,-0.195367125
INNCY464,-0.043565776,0.025173662,0.021886065,0.240528204,0.535910283,0.966273882
INNCY465,-0.129634592,0.160635721,-0.245538282,0.121619631,0.161099563,-0.195367125
INNCY466,-0.495227005,-0.830315591,-0.538527565,-0.892344907,-0.316461503,-0.195367125
INNCY467,-0.210195871,-0.359007446,-0.459976616,-0.269725259,0.200225087,-0.195367125
INNCY468,-0.449123674,-0.640863733,-0.44535155,-0.359965261,-0.393194359,0.59935473
INNCY469,-0.50384757,-0.965623826,-0.547490754,-0.843592601,-0.412693012,0.59935473
INNCY470,-0.398355749,-0.438351457,-0.223705246,-0.097318227,0.061026894,-0.195367125
INNCY471,-0.157117141,-0.729845131,-0.513637304,-0.685632954,-0.441329313,-0.195367125
INNCY472,-0.437502607,-0.846641934,-0.52537134,-0.703617567,-0.266118663,-0.195367125
INNCY473,-0.050211491,-0.669858384,-0.432079288,-0.575380378,-0.111854513,-0.195367125
INNCY474,-0.340158934,-0.81583967,-0.497606845,-0.639992323,0.107500235,-0.195367125
INNCY475,-0.377877907,-0.869695888,-0.280257528,-0.703181606,-0.02770938,0.381892702
INNCY476,-0.460744742,-0.927588523,-0.635244872,-0.596528599,0.337745336,-0.195367125
INNCY477,-0.477985873,-0.59268061,-0.424157779,-0.433911702,-0.441329313,-0.195367125
INNCY478,-0.153489538,-0.609431794,-0.445788491,-0.398922794,-0.152634786,-0.195367125
INNCY479,-0.446123173,-0.85632922,-0.515977758,-0.606125404,-0.373734105,-0.195367125
INNCY480,-0.317770156,-0.269332767,0.114508902,-0.113595776,0.383004182,-0.195367125
INNCY481,-0.469365308,-0.940836857,-0.619779505,-0.843592601,-0.421849859,0.381892702
INNCY482,-0.486606439,-0.956777209,-0.744000261,-0.784708035,-0.460808766,-0.195367125
INNCY484,-0.292525607,-0.294776815,-0.128683451,0.250693076,-0.304355929,-0.195367125
INNCY485,0.588950267,-0.312302557,-0.370353159,-0.32827452,-0.33354078,-0.195367125
INNCY486,0.250573968,-0.45950346,-0.515607698,0.398992738,-0.207680303,-0.195367125
INNCY487,-0.345676887,-0.290500143,-0.516643727,-0.552982151,-0.283024849,-0.195367125
INNCY488,-0.211178135,-0.566007713,-0.69748231,0.010804855,-0.382273743,0.313712476
INNCY489,-0.39740028,-0.538621126,-0.560479196,-0.526315519,-0.362177081,0.59935473
INNCY491,-0.362918018,-0.681098152,-0.622045171,-0.628825133,-0.401753197,0.59935473
INNCY492,0.250573968,-0.450845811,-0.526109296,0.31358543,0.544882077,-0.195367125
INNCY493,-0.355489129,-0.620579825,-0.53524085,-0.283187401,-0.381656534,0.313712476
INNCY494,-0.287547235,-0.692252239,-0.612496849,-0.48152824,-0.460808766,-0.195367125
INNCY495,-0.469365308,-0.786621944,-0.326880254,-0.697375522,0.090497754,0.381892702
INNCY496,-0.423261977,-0.630325204,-0.513038196,-0.626738003,-0.33354078,0.381892702
INNCY497,-0.495227005,-0.954022381,-0.711593865,-0.736426805,-0.460808766,0.381892702
INNCY498,-0.403020344,-0.517243487,-0.530797482,0.217013478,0.092417355,-0.195367125
INNCY499,-0.431882543,-0.925598854,-0.580154297,-0.69124466,-0.393213558,-0.195367125
INNCY502,-0.332627934,-0.654717013,-0.52019751,-0.401693494,-0.205724243,0.59935473
INNCY503,-0.172479379,-0.345614788,-0.552583782,-0.533955107,-0.322600965,-0.195367125
INNCY505,-0.240421273,-0.327653062,-0.274966288,0.221389985,-0.22335207,0.313712476
INNCY508,-0.39740028,-0.766576758,-0.699042552,-0.586076946,-0.393194359,-0.195367125
INNCY510,-0.469365308,-0.58643813,-0.345700304,-0.446811615,-0.062664095,0.381892702
INNCY511,0.241953402,-0.521829256,-0.592117124,0.160795822,-0.198523455,0.313712476
INNCY512,-0.444695287,-0.789126116,-0.475116845,-0.598216121,0.238410953,-0.195367125
INNCY513,-0.50384757,-0.999106905,-0.806981288,-0.892344907,-0.460808766,-0.195367125
INNCY514,-0.440503109,-0.26506266,-0.297154963,-0.049785689,-0.111397058,-0.195367125
INNCY515,-0.398591957,-0.249932281,0.017205967,0.409452539,0.034733173,-0.195367125
INNCY517,-0.11213542,-0.245266952,-0.400585338,0.277783341,-0.085144269,-0.195367125
INNCY518,0.424430888,-0.103208813,0.360652262,0.917508732,-0.131353166,-0.195367125
INNCY519,-0.005535616,-0.043234708,-0.215062181,0.745214096,-0.072278397,-0.195367125
INNCY520,-0.27457585,-0.199208808,-0.323871295,0.176417428,-0.324452591,-0.195367125
INNCY521,-0.368065664,-0.425641601,-0.157324419,-0.373892546,-0.170877546,0.95915253
INNCY522,-0.001126504,-0.274570875,-0.26585138,-0.410288037,-0.206341452,-0.195367125
INNCY523,0.139218802,-0.052756329,-0.170673504,0.471910428,-0.12103056,1.176614557
INNCY524,0.648064393,0.239597879,0.273043793,1.035296054,0.080646902,1.176614557
INNCY525,-0.50384757,-1.004875006,-0.842864781,-0.849740691,-0.441329313,-0.195367125
INNCY526,-0.495227005,-0.950972529,-0.722535564,-0.808084232,-0.412693012,0.59935473
INNCY527,-0.062637168,-0.217634609,-0.427544492,0.21643137,0.39943509,-0.195367125
INNCY528,-0.075884784,-0.562415081,-0.430776754,-0.417502424,-0.170331272,0.313712476
INNCY529,-0.391399277,-0.672020549,-0.516928423,-0.191501371,-0.277502596,-0.195367125
INNCY530,-0.499419183,-0.978706472,-0.74232971,-0.833926635,-0.306087161,-0.195367125
INNCY531,-0.138341676,-0.367574931,-0.172433128,0.41945368,-0.190427934,0.313712476
INNCY532,-0.352314281,-0.691266356,-0.490139664,-0.5548227,0.074005703,-0.195367125
INNCY533,-0.357061745,-0.581302826,-0.269407651,-0.50352478,0.489389405,-0.195367125
INNCY534,-0.068029794,-0.781703992,-0.551798356,-0.712306634,-0.01574436,-0.195367125
INNCY535,-0.049940219,-0.709315756,-0.264120655,-0.304017755,-0.345078605,-0.195367125
INNCY536,-0.407038177,-0.087280424,0.105046015,-0.203253217,-0.382890952,-0.195367125
INNCY537,0.375203227,-0.069035169,0.119646215,-0.019029312,0.16878289,-0.195367125
INNCY538,-0.271796586,0.210067284,-0.224134857,1.54500001,-0.043680494,0.313712476
INNCY539,0.380179009,-0.288411424,-0.204732833,-0.026318135,-0.024722255,-0.195367125
INNCY540,-0.237101426,-0.581326186,-0.304037169,-0.123872093,0.642471635,-0.195367125
INNCY541,-0.420261476,-0.202149565,-0.466534857,0.091847006,-0.15083262,-0.195367125
INNCY542,-0.259764964,-0.816625674,-0.541098022,-0.614256098,0.089205739,-0.195367125
INNCY543,-0.035897929,0.08574203,-0.092031202,0.248076143,0.100801161,-0.195367125
INNCY544,-0.210176942,-0.80446136,-0.223245669,-0.600530617,-0.209251781,-0.195367125
INNCY545,-0.400400782,-0.795722591,-0.112237428,-0.796413364,-0.015623005,-0.195367125
INNCY546,-0.495227005,-0.858307316,-0.498134145,-0.746272147,-0.345059406,-0.195367125
INNCY547,-0.269013311,-0.380727674,-0.302239845,-0.302306135,-0.052162536,-0.195367125
INNCY548,-0.452124176,-0.283886078,-0.351044076,-0.280512752,0.03249275,-0.195367125
INNCY549,-0.191599403,-0.755818942,-0.243382949,-0.569234886,-0.286023035,-0.195367125
INNCY550,-0.50384757,-0.930400629,-0.748499287,-0.619131551,-0.316403906,-0.195367125
INNCY551,-0.331898302,-0.60560009,-0.332030187,-0.690421193,0.032994464,-0.195367125
INNCY552,-0.449123674,-0.617284998,-0.22040203,-0.277457979,0.062209576,-0.195367125
INNCY553,-0.421834092,-0.752801656,-0.35653802,-0.768732451,0.373678442,-0.195367125
INNCY555,0.23321551,0.387869262,0.046259297,0.840611716,-0.09177705,-0.195367125
INNCY556,0.553050313,-0.574545803,-0.411147346,-0.566518488,0.335248887,-0.195367125
INNCY557,0.005011995,-0.613221817,-0.365219687,-0.477283143,-0.022966623,-0.195367125
INNCY558,-0.24049907,0.380401527,0.122282811,0.031860926,-0.239109162,-0.195367125
INNCY559,-0.3806422,-0.709867733,-0.478703462,-0.318706157,0.014480342,-0.195367125
INNCY560,-0.041118508,-0.670764494,-0.475602849,-0.534892559,-0.159951069,-0.195367125
INNCY561,-0.141566846,-0.106479707,0.07528269,0.25293328,0.1016126,-0.195367125
INNCY562,-0.438839015,-0.684876836,-0.345154898,-0.609609028,0.392540687,-0.195367125
INNCY563,-0.415833088,-0.424825136,0.624363186,-0.493449317,-0.23737793,0.59935473
INNCY564,-0.495227005,-0.892438307,-0.569673725,-0.872843984,-0.305077571,-0.195367125
INNCY565,-0.474985371,-0.745102784,-0.217743871,-0.376976565,0.232368044,0.381892702
INNCY567,-0.486606439,-0.937103648,-0.749905103,-0.81844496,-0.460808766,-0.195367125
INNCY568,-0.37273026,-0.60750335,-0.435148948,-0.370477621,-0.237868883,-0.195367125
INNCY569,-0.460508533,-0.57748801,-0.50007339,-0.607440034,-0.237888082,0.59935473
INNCY570,-0.200314609,-0.423610448,-0.236880952,-0.211830305,-0.017952247,-0.195367125
INNCY571,-0.431882543,-0.674538209,-0.277662515,-0.133412606,-0.306138897,-0.195367125
INNCY572,-0.464700712,-0.478004229,-0.334852811,-0.394975267,-0.178426793,-0.195367125
INNCY573,-0.50384757,-0.80056217,-0.541126717,-0.672746417,-0.412673813,0.59935473
INNCY574,-0.39740028,-0.658432686,-0.438876434,-0.67944507,-0.255005757,0.381892702
INNCY575,-0.400400782,-0.543683599,-0.396508547,-0.027476032,-0.382273743,-0.195367125
INNCY576,-0.50384757,-1.060492411,-0.826313039,-0.864663994,-0.460808766,-0.195367125
INNCY577,-0.265091294,-0.19692715,-0.070839312,0.15700074,-0.26601423,-0.195367125
INNCY578,-0.414405203,-0.509022563,-0.117396591,-0.034638557,-0.353637442,0.313712476
INNCY579,-0.436074722,-0.751944198,-0.415152206,-0.399347184,0.105543918,-0.195367125
INNCY580,-0.356680805,-0.421071159,-0.056908876,-0.187921478,-0.037028514,0.313712476
INNCY582,-0.453315853,-0.96646942,-0.71583165,-0.744622046,-0.149790492,0.313712476
INNCY583,-0.495227005,-1.036883961,-0.719258808,-0.815911688,-0.460808766,0.381892702
INNCY584,-0.41883359,-0.740506482,-0.537805201,-0.492578939,-0.205724243,0.59935473
INNCY587,-0.39416357,-0.498135935,-0.099458633,0.037798193,-0.314061326,-0.195367125
INNCY588,-0.499419183,-0.83672281,-0.677202938,-0.644990931,-0.373734105,-0.195367125
INNCY589,-0.281927171,-0.852869107,-0.737209308,-0.447082128,-0.401753197,-0.195367125
INNCY590,-0.227280843,-0.006826655,-0.232967278,0.374567177,-0.304973138,-0.195367125
INNCY591,-0.113367549,-0.419979941,-0.195980503,-0.174452888,-0.189810726,0.313712476
INNCY592,-0.444695287,-0.621257934,-0.22040203,-0.28720844,0.062209576,-0.195367125
INNCY593,-0.490562409,-0.495766603,-0.427631699,-0.363101217,-0.258023142,-0.195367125
INNCY594,-0.460744742,-0.077539594,-0.206406269,0.584977441,-0.257405934,-0.195367125
INNCY595,-0.292614603,-0.786931052,-0.616185684,-0.609284231,-0.460808766,-0.195367125
INNCY596,-0.348779499,-0.37813413,-0.32475668,0.184734683,0.109142648,-0.195367125
INNCY597,-0.50384757,-1.011484022,-0.765613841,-0.739570548,-0.460808766,-0.195367125
QWPCY007,-0.377939769,-0.207472577,-0.26975166,-0.133595309,-0.036847028,-0.195367125
QWPCY008,-0.395417109,-0.625186423,-0.428202699,-0.671590224,-0.133097736,-0.195367125
QWPCY010,-0.343159435,-0.872540677,-0.59364998,-0.74413572,-0.133116935,-0.195367125
QWPCY011,-0.456080146,-0.505055604,-0.359666553,-0.553514887,-0.161734037,0.59935473
QWPCY012,-0.378114115,-0.428435503,-0.252720897,-0.418663398,-0.131931977,0.59935473
QWPCY016,-0.310577475,-0.276747502,0.668592672,-0.435239899,-0.199565583,-0.195367125
QWPCY025,-0.50384757,-0.907042024,-0.717814205,-0.756022608,-0.316403906,-0.195367125
QWPCY026,-0.50384757,-0.916556464,-0.761799567,-0.862619645,-0.460808766,-0.195367125
QWPCY027,-0.495227005,-0.846417121,-0.556291893,-0.76372872,-0.393194359,-0.195367125
QWPCY028,-0.415658742,-0.550883207,-0.170246157,-0.641540033,-0.169848757,-0.195367125
QWPCY029,-0.201928082,-0.320237593,0.009680526,-0.416178466,0.004338964,-0.195367125
QWPCY030,0.042006239,-0.123801764,-0.041711072,-0.165216906,0.091644314,-0.195367125
QWPCY031,-0.220436679,-0.38474775,-0.152447425,-0.265149703,-0.161097629,-0.195367125
QWPCY032,0.007211282,0.418575369,0.00454571,0.704511813,-0.20812442,-0.195367125
QWPCY037,-0.305338351,-0.769646813,-0.318728303,-0.358223473,0.123866028,-0.195367125
QWPCY038,-0.38735183,-0.716352213,-0.395453385,-0.117293411,0.134188634,-0.195367125
QWPCY039,-0.440503109,-0.786203421,-0.460521828,-0.654741392,0.426905631,-0.195367125
QWPCY042,-0.443503611,-0.701874136,-0.564983289,-0.530456109,-0.302504302,0.59935473
QWPCY050,-0.096070721,0.185294929,0.141436525,0.24384329,0.425504559,-0.195367125
QWPCY051,-0.165979652,-0.161973101,-0.124912917,0.04025443,0.041051587,-0.195367125
QWPCY052,-0.042592855,-0.464625051,-0.364528809,-0.187792521,0.175076244,-0.195367125
QWPCY053,-0.325196563,-0.712694073,-0.517481393,-0.629631595,-0.152634786,-0.195367125
QWPCY054,-0.495227005,-0.893803115,-0.530165887,-0.902095368,-0.208846062,-0.195367125
QWPCY055,-0.477985873,-0.926816715,-0.700551235,-0.907757132,-0.460808766,-0.195367125
QWPCY056,-0.469365308,-0.921298631,-0.648581235,-0.886211862,-0.42123265,-0.195367125
QWPCY057,-0.469365308,-0.98015845,-0.770060291,-0.903668436,-0.460808766,-0.195367125
QWPCY058,-0.165737706,-0.760614273,-0.585526444,-0.694909537,-0.441329313,-0.195367125
QWPCY059,-0.174358272,-0.586254428,-0.489391871,-0.396922757,-0.393194359,0.59935473
QWPCY060,-0.50384757,-0.931841853,-0.474392745,-0.853343062,-0.373734105,-0.195367125
QWPCY061,-0.486606439,-0.995476324,-0.834259996,-0.847696343,-0.412693012,-0.195367125
QWPCY062,-0.486606439,-0.953797111,-0.635258914,-0.789193577,-0.412693012,0.59935473
QWPCY063,-0.495227005,-0.983987653,-0.656690089,-0.853343062,-0.373116896,-0.195367125
QWPCY068,0.0257112,-0.649799994,-0.391515984,-0.640453633,0.080081429,-0.195367125
QWPCY069,0.041592344,-0.584014823,-0.4389224,-0.45720701,0.296289979,-0.195367125
QWPCY070,0.105043254,-0.598510301,-0.487302844,-0.466957471,0.276810526,-0.195367125
QWPCY071,-0.310639338,-0.637389043,-0.367972452,-0.426022358,0.036791366,-0.195367125
QWPCY072,-0.356742668,-0.704761282,-0.439511429,-0.592177246,0.198892711,-0.195367125
QWPCY073,-0.226772449,-0.709707184,-0.437555273,-0.440360703,0.139837142,-0.195367125
QWPCY074,-0.252740594,-0.716658776,-0.378951731,-0.576767618,-0.022264204,-0.195367125
QWPCY080,-0.358253422,-0.234100976,0.235356269,-0.248442484,0.64828768,-0.195367125
QWPCY081,-0.415833088,-0.875581095,-0.767461614,-0.772302959,-0.218002909,0.313712476
QWPCY082,-0.077505944,0.123700136,-0.340376719,-0.144016562,0.200675679,-0.195367125
QWPCY083,-0.136658227,0.013392648,-0.427024992,-0.562648117,0.144599098,-0.195367125
QWPCY084,-0.388779715,-0.182436252,-0.44531466,-0.42636473,-0.243448733,0.59935473
QWPCY085,-0.39740028,-0.704902673,-0.668026589,-0.612896248,-0.362177081,0.59935473
QWPCY086,-0.39740028,-0.634369138,-0.591342323,-0.419338265,-0.303121511,0.59935473
QWPCY087,-0.377158647,-0.605970355,-0.5703771,-0.508573752,-0.362177081,0.59935473
QWPCY088,-0.444695287,-0.975077165,-0.763493692,-0.744622046,-0.149790492,0.313712476
QWPCY089,-0.441694785,-0.918998637,-0.632382806,-0.750799402,-0.169887155,0.313712476
QWPCY090,-0.446123173,-0.865000836,-0.596529758,-0.695437576,-0.218002909,0.313712476
QWPCY091,-0.45774424,-0.884136487,-0.559005482,-0.750799402,-0.285598117,-0.195367125
QWPCY100,-0.278137765,-0.374178811,-0.181459601,-0.032069203,0.461520006,-0.195367125
QWPCY101,-0.209962144,-0.678689186,-0.664477413,-0.290526299,-0.362177081,-0.195367125
QWPCY103,-0.354297452,-0.694707124,-0.660046484,-0.624118587,-0.33413879,0.59935473
QWPCY110,-0.41883359,-0.503209647,-0.279317956,-0.448108793,-0.178832513,-0.195367125
QWPCY111,-0.210045839,-0.259964876,-0.243668004,-0.300509669,-0.141656573,-0.195367125
QWPCY113,-0.301248284,-0.793344324,-0.489272019,-0.64360974,0.275027558,-0.195367125
QWPCY114,-0.347587823,-0.881080635,-0.575180502,-0.731256766,-0.084962783,-0.195367125