LocationID,0600-0615,0615-0630,0630-0645,0645-0700,0700-0715,0715-0730,0730-0745,0745-0800,0800-0815,0815-0830,0830-0845,0845-0900,0900-0915,0915-0930,0930-0945,0945-1000,1000-1015,1015-1030,1030-1045,1045-1100,1100-1115,1115-1130,1130-1145,1145-1200,1200-1215,1215-1230,1230-1245,1245-1300,1300-1315,1315-1330,1330-1345,1345-1400,1400-1415,1415-1430,1430-1445,1445-1500,1500-1515,1515-1530,1530-1545,1545-1600,1600-1615,1615-1630,1630-1645,1645-1700,1700-1715,1715-1730,1730-1745,1745-1800,1800-1815,1815-1830,1830-1845,1845-1900,1900-1915,1915-1930,1930-1945,1945-2000,2000-2015,2015-2030,2030-2045,2045-2100,2100-2115,2115-2130,2130-2145,2145-2200
Aldgate,19,44,65,87,113,145,176,213,283,358,388,356,280,205,144,113,95,95,94,90,86,89,91,100,111,120,121,125,130,133,125,127,133,138,133,145,163,184,193,257,302,357,371,553,698,872,863,850,709,587,430,339,272,222,171,147,125,110,102,106,99,89,77,76
Aldgate East,34,47,59,77,102,132,168,225,307,376,386,354,325,315,285,250,229,234,226,208,204,216,217,220,231,243,236,248,271,285,269,260,265,281,279,292,312,336,347,392,428,470,479,618,717,874,874,929,852,772,593,490,412,357,298,273,252,242,219,230,232,224,187,178
Angel,46,67,91,121,166,230,289,358,450,554,578,535,461,393,302,231,202,208,206,212,224,240,247,283,316,323,294,311,341,356,324,325,339,346,357,403,447,457,450,539,607,689,695,855,924,997,951,1027,1007,920,721,615,551,489,410,385,375,382,375,381,356,342,325,346
Archway,76,108,145,191,264,353,445,543,669,759,739,644,550,466,360,272,231,227,210,185,179,188,182,172,176,183,174,162,162,167,160,148,150,156,148,149,171,195,194,201,225,259,260,278,294,306,273,250,230,216,187,163,143,127,109,105,104,94,76,67,64,58,52,54
Arsenal,17,28,42,57,79,118,160,219,278,319,299,265,209,164,111,85,66,63,55,48,46,50,51,50,52,52,49,46,46,47,44,41,40,38,37,38,41,44,42,43,46,50,47,62,77,79,61,58,61,60,49,42,38,33,27,23,18,16,13,13,12,13,12,12
Baker Street,69,113,136,235,323,466,509,737,859,1084,975,851,605,560,456,425,383,400,399,401,402,414,432,472,514,531,546,578,606,605,590,605,628,639,626,659,693,775,831,968,1044,1107,1045,1254,1452,1665,1649,1683,1567,1424,1185,1052,860,786,650,576,542,500,469,461,441,388,350,341
Barbican,16,24,31,44,55,66,74,99,125,164,182,179,154,145,136,126,118,126,131,136,141,152,157,175,192,208,205,220,233,238,221,232,248,255,242,272,307,335,332,432,524,592,574,725,832,1003,1021,1051,922,797,608,499,438,380,308,271,253,234,206,181,168,202,257,287
Barons Court,37,57,78,106,156,223,290,394,530,598,541,427,328,262,209,166,136,133,126,115,111,117,117,120,137,151,143,127,129,136,125,115,119,130,119,142,170,181,158,193,223,241,230,286,327,375,362,343,295,260,210,169,136,110,88,82,76,70,66,73,73,63,45,39
Bayswater,16,20,29,39,51,66,88,113,137,153,155,161,168,183,187,179,166,159,144,126,114,104,92,91,90,84,78,78,84,88,87,84,88,93,92,96,96,101,100,106,106,110,108,118,122,128,122,124,121,122,112,102,95,87,79,75,74,70,68,67,66,63,58,57
Belsize Park,30,46,57,68,93,136,191,252,332,396,395,344,289,241,188,152,137,134,123,113,118,128,127,127,130,140,140,136,133,132,123,117,119,127,125,135,144,161,172,207,232,252,247,294,329,335,281,257,239,222,188,162,141,122,101,102,111,107,84,67,61,55,46,41
Bermondsey,108,150,182,214,281,357,422,497,606,664,637,562,502,435,337,241,190,187,175,155,146,151,143,133,137,145,141,130,133,140,136,131,137,151,151,152,163,200,226,243,253,277,287,316,343,369,377,397,415,391,330,269,235,205,169,150,145,140,124,107,110,111,103,89
Bond Street,40,46,51,73,92,109,124,149,173,206,223,233,232,252,262,274,283,315,336,361,389,432,467,523,576,634,662,693,727,777,816,854,884,911,918,958,1012,1074,1105,1208,1333,1447,1502,1775,2084,2417,2623,2795,2744,2485,2128,1842,1640,1419,1197,1097,1080,1023,903,849,843,835,758,712
Borough,17,27,34,45,56,73,82,100,129,170,184,175,156,150,130,107,92,96,94,90,86,92,93,96,95,103,103,103,103,113,109,104,101,108,110,119,128,145,153,178,202,233,238,293,319,371,377,400,359,318,249,205,174,146,121,110,101,89,83,84,80,75,66,70
Bounds Green,158,204,259,310,352,354,381,455,551,561,503,448,408,337,254,198,168,151,136,125,125,120,109,100,103,103,97,90,94,96,90,84,86,83,79,76,83,88,92,93,97,102,100,106,118,128,124,124,130,127,106,89,84,75,62,55,51,43,35,30,30,28,26,26
Bow Road,69,91,108,134,165,215,279,378,498,580,545,448,349,277,197,145,123,121,112,99,99,102,94,85,83,87,83,82,86,87,80,77,81,90,91,91,107,129,128,115,117,127,122,127,134,135,120,116,116,114,100,90,81,70,57,49,44,41,37,34,34,34,31,29
Bromley-by-Bow,50,63,66,78,105,135,164,211,277,316,287,227,176,144,109,88,78,78,70,63,64,66,58,53,53,56,54,56,58,59,56,55,60,65,66,68,79,89,92,106,113,146,155,172,150,153,136,134,116,102,83,78,72,61,49,46,41,36,30,28,26,24,21,18
Caledonian Road,37,52,66,89,120,153,179,222,290,352,345,301,253,233,200,164,129,134,137,119,100,103,105,104,100,109,109,106,102,111,109,103,98,107,106,105,106,119,122,138,153,173,167,200,226,257,233,232,210,190,147,127,113,96,75,65,64,65,58,53,52,54,55,60
Camden Town,39,73,99,127,170,224,240,254,315,409,428,381,318,290,252,219,199,202,203,198,204,230,251,272,296,323,337,357,390,423,432,439,460,491,502,523,535,555,563,629,680,734,723,798,845,935,950,1061,1085,1015,803,655,556,478,401,363,333,310,278,274,268,266,260,285
Canada Water,136,200,268,319,404,509,627,796,1046,1213,1156,989,836,718,543,386,296,281,261,226,214,228,225,205,199,210,213,205,205,212,207,196,193,198,191,180,185,200,212,229,253,288,290,312,331,365,344,351,343,322,267,239,223,202,177,158,150,138,121,106,102,102,103,98
Canning Town,355,474,606,709,764,703,652,689,829,889,789,640,564,490,383,287,260,257,238,216,215,216,197,176,182,190,182,167,177,185,179,167,176,183,173,171,187,202,198,204,236,267,271,287,326,353,338,345,334,293,225,203,183,160,134,122,116,107,97,89,89,86,77,69
Chalk Farm,27,40,52,70,95,128,154,197,258,321,318,273,218,192,155,121,98,97,91,85,84,87,84,83,85,89,88,87,91,92,87,84,90,93,86,88,100,115,114,122,129,142,149,181,189,197,192,224,229,217,175,149,129,106,87,77,72,67,61,65,68,67,58,68
Chancery Lane,28,30,29,37,44,59,74,99,120,148,166,173,173,184,192,178,158,167,180,196,206,233,250,290,332,375,384,390,393,403,390,388,388,406,401,425,450,499,523,661,762,912,928,1162,1267,1494,1535,1618,1462,1308,1084,926,788,662,529,463,413,369,337,338,310,263,231,233
Clapham Common,110,157,196,249,328,447,575,645,657,628,593,549,495,407,297,216,174,165,150,133,130,137,133,131,137,146,139,129,132,138,131,124,125,125,118,119,129,145,151,156,165,181,187,221,246,277,280,281,259,243,216,190,172,155,131,122,121,118,107,100,99,97,95,102
Clapham North,64,107,138,196,274,376,442,459,408,356,342,351,336,290,222,163,126,118,103,90,86,93,86,81,78,86,80,79,76,82,75,75,74,79,74,75,74,81,79,89,96,111,114,141,148,166,167,183,173,171,154,140,123,113,96,87,77,70,58,59,60,60,54,54
Clapham South,110,180,237,299,398,576,798,957,933,782,664,616,531,391,266,199,170,158,140,123,119,118,111,107,108,112,105,102,104,102,89,82,88,90,85,84,98,112,116,133,146,148,139,157,169,173,162,165,165,162,144,131,120,105,88,79,74,66,56,51,47,43,35,35
Covent Garden,7,8,10,15,21,29,34,44,54,65,67,70,73,84,91,90,84,90,99,111,119,131,143,162,179,195,205,215,235,256,264,284,307,329,337,361,373,391,402,442,465,485,473,529,585,645,637,680,697,680,580,533,500,466,393,383,385,377,343,346,358,374,346,430
East Acton,52,74,96,117,144,164,182,213,268,287,246,192,165,144,110,88,85,88,79,71,78,80,73,65,69,70,69,67,70,69,63,62,70,77,75,76,83,90,92,104,123,136,139,161,188,187,152,125,115,99,81,67,60,54,50,47,47,47,40,30,25,24,20,19
East Ham,645,863,986,1015,885,739,675,798,917,917,803,707,627,524,423,359,320,287,261,244,248,246,235,218,215,218,219,219,228,235,228,227,233,233,222,222,228,229,236,258,271,265,257,280,308,315,288,272,254,228,196,181,168,152,131,120,112,106,97,97,92,84,71,65
East Putney,48,76,121,191,278,392,511,616,649,611,497,386,290,226,171,137,126,118,100,86,87,93,89,86,86,88,83,82,85,84,76,73,74,73,69,66,73,89,100,109,110,123,135,167,181,199,201,202,185,166,139,119,106,91,73,63,56,48,40,36,35,34,32,29
Embankment,42,73,98,159,237,312,346,380,443,500,514,482,415,336,267,239,241,259,243,227,214,236,246,273,289,316,318,325,328,346,350,354,360,386,398,428,451,476,482,560,630,706,698,832,950,1126,1201,1258,1197,1078,914,774,686,597,506,463,444,431,408,400,392,487,553,656
Euston Square,26,29,83,127,197,254,327,418,490,568,606,572,467,344,275,195,178,177,181,175,174,171,170,190,220,223,213,234,259,261,234,240,253,260,245,271,310,339,343,442,533,587,583,736,905,1011,983,966,901,785,634,539,471,423,358,332,320,312,276,279,277,245,185,163
Farringdon,21,30,39,48,51,53,94,110,124,141,152,159,154,155,150,146,144,168,152,168,173,188,194,215,242,270,274,289,307,324,313,317,327,345,337,361,390,408,483,618,770,968,1044,1382,1626,2166,2501,2712,2419,2028,1538,1208,1000,822,666,551,470,415,381,351,316,289,269,272
Finchley Road,45,67,104,148,199,268,341,454,567,653,620,520,397,333,278,228,189,184,170,155,145,152,153,150,153,158,158,155,160,170,166,160,158,163,159,159,172,186,195,232,278,308,300,325,342,375,363,371,358,351,307,278,246,213,175,154,136,124,111,106,101,97,90,86
Finsbury Park,327,472,619,846,1090,1445,1791,2113,2474,2653,2438,2018,1789,1620,1305,960,704,665,607,563,516,538,472,497,484,527,497,486,457,486,497,467,453,465,456,437,450,481,503,499,541,602,687,753,867,879,891,837,894,833,770,605,531,466,421,363,309,292,277,292,292,293,301,328
Fulham Broadway,29,45,67,111,172,240,318,399,459,456,408,338,276,223,182,157,149,149,141,139,144,153,149,156,166,169,161,167,179,182,171,170,179,194,191,190,161,312,405,409,290,306,296,357,410,433,379,392,392,362,282,239,217,199,169,155,140,127,110,104,98,93,90,91
Gloucester Road,44,71,99,133,173,232,315,403,483,543,551,501,444,408,372,341,324,320,300,286,271,266,255,259,263,256,244,248,258,257,241,242,250,257,251,277,304,334,336,401,447,484,453,543,597,626,548,564,556,527,434,377,336,301,260,244,240,230,192,162,151,150,140,140
Goldhawk Road,13,25,33,47,62,86,107,141,173,188,175,147,119,93,72,57,50,44,40,36,37,38,38,37,36,40,42,42,42,44,42,39,39,39,37,37,38,41,41,45,49,53,53,55,57,58,55,55,56,52,47,40,34,33,32,26,19,17,16,14,14,14,13,13
Goodge Street,6,7,9,12,15,16,19,25,32,38,40,38,37,39,40,48,58,65,62,70,76,83,84,94,103,116,120,134,145,156,147,149,154,165,165,184,200,216,217,266,297,330,322,404,453,571,609,660,620,590,491,423,361,310,251,242,231,214,186,204,211,186,146,135
Great Portland Street,8,13,22,36,44,56,69,87,114,154,168,155,129,123,113,108,99,102,100,104,106,114,113,120,130,142,137,143,151,155,141,144,154,165,161,175,204,238,257,328,380,419,398,519,594,702,708,778,735,654,493,392,323,268,209,184,171,157,137,131,125,116,102,98
Green Park,45,54,61,89,112,126,126,146,172,196,205,214,224,242,247,260,275,302,312,325,361,425,487,561,607,608,563,559,573,596,600,632,670,721,750,844,924,1004,1037,1162,1240,1341,1393,1721,2022,2401,2620,2809,2749,2498,2129,1789,1541,1284,1049,916,849,798,734,706,686,667,642,660
Hampstead,17,23,31,51,72,95,128,178,222,248,251,248,210,160,112,96,84,82,77,73,70,73,70,74,77,81,74,75,81,85,78,76,80,83,79,82,85,110,127,155,195,209,178,164,180,185,163,161,158,154,127,108,93,81,67,60,55,49,43,41,40,39,37,39
High Street Kensington,22,32,44,61,84,113,144,180,225,253,249,222,208,199,188,172,170,181,188,191,198,212,219,232,247,261,260,266,274,283,277,281,289,297,299,330,362,384,386,454,502,547,524,632,683,758,704,767,751,701,535,456,398,347,281,258,238,215,178,175,168,152,126,132
Highgate,46,73,110,154,226,313,414,499,587,643,624,545,459,373,273,193,151,131,115,107,105,105,97,95,96,93,83,84,89,89,81,74,75,74,70,68,73,74,79,92,114,124,122,126,141,142,128,117,116,114,100,80,68,61,50,42,38,34,29,27,26,24,23,28
Holborn,28,34,40,57,72,75,73,84,109,130,142,141,144,156,162,204,249,287,281,309,336,369,375,461,548,620,601,625,654,684,652,663,692,738,724,783,843,932,942,1143,1294,1450,1421,1675,1757,1874,1839,1966,1853,1703,1463,1331,1189,1077,931,891,866,835,798,817,779,703,649,649
Holland Park,14,24,33,44,58,86,117,151,190,229,237,214,180,149,116,88,77,72,65,57,57,61,62,62,63,64,62,59,59,62,59,57,57,61,62,63,64,74,103,125,124,119,133,212,229,197,131,155,154,139,100,87,75,63,49,47,44,38,31,29,28,29,32,38
Holloway Road,34,46,58,84,119,160,190,236,313,395,411,361,295,272,230,177,133,146,144,125,109,115,120,123,128,144,150,159,159,165,147,134,126,132,131,134,140,146,154,182,207,232,237,282,290,270,210,199,190,180,151,134,121,110,91,89,90,98,105,107,86,59,45,47
Hyde Park Corner,6,7,7,11,16,19,21,24,29,30,30,33,38,40,41,42,44,45,48,51,57,71,74,85,92,103,95,98,97,97,94,98,102,106,107,119,130,138,143,164,181,200,211,267,283,272,240,268,262,219,177,160,146,128,125,121,115,109,104,103,108,115,105,112
Kennington,45,67,88,113,152,202,235,282,368,478,487,424,322,266,203,159,120,111,103,89,81,85,84,79,78,85,81,77,77,83,78,75,74,79,77,78,82,91,94,105,113,129,130,161,179,182,150,162,173,166,133,121,111,95,78,69,64,58,54,51,52,49,45,46
Kensington (Olympia),0,0,0,0,16,15,13,27,45,38,29,30,33,32,38,41,27,30,30,28,18,26,28,25,21,34,43,32,25,28,37,30,31,32,44,43,32,32,38,39,41,45,32,36,44,45,21,14,19,23,18,11,19,19,17,14,16,15,7,7,7,9,6,11
Kentish Town,41,62,83,109,154,219,268,323,404,473,471,431,367,300,234,189,159,150,138,125,120,126,123,118,121,133,134,130,130,134,129,124,126,134,131,137,145,163,176,199,207,216,212,269,305,400,433,453,393,356,292,239,204,168,134,116,112,99,90,84,86,83,82,79
Knightsbridge,10,13,15,25,34,38,57,72,99,116,113,104,97,101,102,115,128,150,157,175,191,212,230,258,285,307,318,340,360,364,351,362,382,407,418,456,489,522,529,593,641,693,682,801,848,915,868,968,961,903,732,681,638,574,471,484,332,355,283,293,442,497,364,214
Ladbroke Grove,21,35,48,66,91,131,185,245,288,293,275,240,204,164,132,110,101,97,93,92,97,102,102,107,115,119,116,114,123,130,126,118,117,114,105,118,137,160,165,193,209,224,219,248,269,277,250,240,236,217,172,143,126,105,84,76,74,67,56,50,52,52,48,42
Lambeth North,11,15,20,28,35,46,56,73,95,122,129,119,105,99,90,80,75,77,72,64,59,62,62,62,65,70,69,70,73,75,70,66,69,77,81,86,88,93,92,108,127,141,135,148,157,164,155,153,139,122,101,92,82,73,59,56,51,46,40,48,55,59,52,44
Lancaster Gate,17,34,50,72,105,171,225,285,343,406,405,378,326,286,243,209,178,166,153,136,118,115,110,104,101,103,98,92,93,98,95,89,92,101,99,105,118,133,129,140,153,163,157,173,189,201,188,189,183,175,149,132,111,95,76,68,62,56,48,47,47,47,44,45
Latimer Road,11,17,23,30,39,51,74,98,110,106,99,93,82,67,51,43,39,40,37,34,33,37,38,39,42,44,41,41,43,44,40,40,45,49,46,46,52,57,57,66,74,84,83,118,139,175,172,180,157,137,96,80,74,65,46,45,48,43,32,34,36,34,25,29
Leicester Square,51,48,40,51,66,74,71,79,95,107,107,106,102,109,115,125,132,154,165,177,192,222,235,259,287,317,331,366,414,451,473,511,557,585,594,624,653,670,670,711,750,791,801,914,1028,1227,1309,1393,1388,1352,1201,1105,1060,1008,932,918,928,952,950,984,1037,1103,1141,1364
Maida Vale,17,27,38,52,81,111,140,186,258,300,283,233,182,142,105,85,72,73,67,62,59,61,61,59,60,62,60,55,52,56,53,51,53,55,52,50,69,82,80,78,85,88,82,106,114,110,83,84,85,88,76,70,65,56,48,48,49,43,33,32,34,31,22,22
Manor House,130,187,227,267,310,360,403,482,588,645,601,536,499,453,354,262,217,215,193,169,164,174,156,139,140,149,141,127,127,139,138,128,131,139,131,129,139,146,136,136,154,169,170,171,188,204,201,186,184,179,158,131,120,112,96,86,80,79,72,67,62,59,54,54
Mansion House,4,4,4,9,15,22,26,33,40,49,54,55,52,55,53,53,52,62,61,61,60,71,77,91,102,114,108,104,106,118,119,118,117,126,125,135,141,157,161,199,248,279,261,370,520,666,683,715,680,621,507,421,347,280,221,186,158,133,122,117,110,98,90,88
Marble Arch,27,39,46,63,77,102,120,148,175,211,219,205,184,175,163,156,154,159,152,146,147,164,170,183,196,211,211,216,219,233,238,258,272,293,295,312,335,362,392,452,492,502,502,611,661,724,712,759,731,704,611,541,492,448,400,378,373,361,334,333,344,351,324,408
Mile End,127,171,201,234,293,391,497,622,795,932,917,806,684,577,438,337,287,287,272,264,272,279,246,265,293,298,255,294,332,329,269,300,338,339,281,310,358,384,355,439,509,524,460,555,641,643,524,510,520,491,385,335,326,306,254,223,216,201,177,161,156,148,137,128
Moorgate,25,33,41,64,88,106,113,137,165,200,215,210,189,187,178,169,167,183,183,190,202,224,244,291,337,364,353,364,377,388,369,388,410,441,436,478,515,568,585,774,963,1158,1183,1747,2352,2973,3070,3164,2950,2616,2125,1728,1408,1137,847,727,633,553,487,446,407,398,379,359
Mornington Crescent,10,13,17,20,28,37,45,59,75,87,88,86,76,70,59,51,46,50,50,49,49,53,54,56,59,67,70,73,73,73,66,64,65,75,75,82,88,97,100,133,157,177,176,245,285,416,482,497,379,306,229,183,151,129,102,86,72,72,68,72,71,73,72,86
Notting Hill Gate,54,84,111,147,200,275,360,467,588,694,715,648,550,471,384,301,255,250,241,231,229,242,244,247,256,273,270,265,271,282,270,262,273,292,285,298,323,355,362,393,431,467,479,583,651,693,629,671,694,672,531,433,388,340,273,235,220,214,196,185,181,183,175,162
Old Street,49,74,105,146,190,241,281,327,421,560,609,566,497,480,425,364,321,341,343,335,331,356,360,370,393,429,426,424,437,464,444,430,436,468,460,481,526,581,595,698,816,933,977,1168,1404,1647,1758,1794,1752,1638,1441,1195,983,820,683,605,566,534,488,465,464,467,461,455
Oval,65,98,125,157,187,230,268,326,384,419,401,386,355,312,236,183,146,141,128,113,107,112,109,104,111,120,120,119,129,135,119,106,111,117,113,114,126,139,145,160,181,200,188,224,261,332,346,375,345,307,237,200,175,148,120,106,95,83,70,68,68,66,59,61
Oxford Circus,52,55,64,100,128,142,142,173,209,245,251,275,305,358,381,438,490,561,589,648,703,784,839,948,1066,1171,1230,1349,1479,1563,1565,1619,1697,1777,1794,1909,2041,2178,2234,2503,2770,2964,2913,3219,3662,4171,4150,4140,4274,4371,4078,3773,3607,3262,2806,2618,2592,2499,2247,2175,2119,1970,1707,1664
Parsons Green,43,64,91,139,213,316,452,599,686,669,567,443,338,252,183,138,121,114,105,98,100,102,100,101,106,110,106,107,104,103,96,94,96,95,87,92,93,153,186,193,148,169,189,261,291,294,249,275,282,260,189,156,137,120,93,80,70,60,50,45,43,44,46,49
Piccadilly Circus,25,28,29,46,57,61,57,72,87,97,97,106,120,142,153,170,191,216,229,249,277,310,343,385,425,461,484,525,560,597,605,638,679,733,760,811,862,908,939,1021,1082,1135,1154,1352,1515,1775,1958,2171,2195,2101,1855,1623,1445,1278,1116,1077,1070,1066,1024,1089,1134,1088,1105,1378
Pimlico,41,61,84,109,148,196,245,313,406,483,482,437,376,336,283,241,203,195,180,171,160,162,163,174,182,198,204,206,206,208,202,200,205,215,208,220,245,303,330,381,425,487,494,545,601,660,672,659,596,497,402,324,281,243,206,177,159,147,130,119,113,110,101,91
Plaistow,205,260,306,339,350,323,310,342,389,400,360,324,291,254,200,163,140,131,118,111,113,114,102,95,94,99,95,92,93,94,92,89,90,89,87,88,101,118,126,122,122,134,137,145,148,151,134,131,127,120,100,88,81,72,59,55,53,49,41,35,33,32,30,29
Putney Bridge,33,47,69,107,153,208,265,316,330,311,266,218,177,144,115,98,92,89,82,81,85,89,88,89,94,96,90,84,83,82,79,81,82,82,77,83,90,94,95,110,125,136,147,184,219,271,282,288,253,215,155,124,106,87,68,56,49,44,40,38,36,34,33,32
Queensway,24,38,50,66,88,122,154,188,242,316,351,337,298,278,260,249,233,221,200,179,161,158,153,147,141,143,136,133,138,149,144,143,145,154,149,157,168,182,180,193,210,221,211,223,234,249,232,231,225,232,210,190,166,147,126,124,120,113,99,99,96,93,81,82
Ravenscourt Park,16,22,29,40,57,79,107,143,176,194,172,140,114,99,77,62,58,53,50,48,48,52,51,46,44,47,45,42,47,49,44,42,44,48,47,50,50,67,91,183,251,227,145,140,163,170,155,160,150,129,90,74,65,53,41,36,31,28,28,31,32,33,29,29
Royal Oak,17,24,31,41,55,79,109,141,170,181,165,141,119,98,74,58,51,50,49,45,44,44,41,39,41,45,44,44,44,45,39,40,43,46,43,43,46,56,66,73,75,84,87,95,97,100,92,103,107,98,73,66,61,53,40,37,35,33,28,26,26,28,23,25
Russell Square,18,21,26,36,46,59,71,93,123,159,175,182,192,222,240,239,222,204,182,176,178,172,157,167,186,203,200,226,254,259,227,226,243,253,245,283,329,355,344,410,456,506,490,620,672,715,631,631,589,560,475,426,385,356,306,299,304,325,301,308,299,261,180,157
Seven Sisters,468,665,847,970,1044,979,888,904,1059,1173,1116,981,851,751,594,451,381,370,345,308,306,315,294,261,261,277,273,259,264,273,261,248,259,267,253,243,265,282,283,289,316,341,343,373,421,429,398,376,374,345,306,271,250,227,192,166,158,150,142,132,133,127,116,107
Sloane Square,47,75,108,155,213,284,349,441,556,655,648,563,450,366,301,272,255,254,253,247,245,261,281,298,314,328,325,328,335,345,340,345,360,376,377,396,444,513,538,605,687,753,708,778,824,880,807,851,857,827,661,570,544,474,349,284,290,266,218,193,205,217,219,220
South Kensington,60,98,131,157,191,243,325,418,514,619,687,654,548,462,409,368,340,335,328,336,362,402,427,480,543,588,590,619,662,674,648,657,697,720,726,822,920,969,972,1234,1448,1510,1368,1517,1767,1890,1748,1707,1710,1512,1159,948,855,750,632,608,624,637,583,567,545,536,513,527
Southfields,70,105,156,228,306,409,522,637,680,610,472,368,299,230,168,136,123,120,109,103,103,100,92,90,90,92,87,87,87,86,82,79,79,77,74,74,120,145,131,110,129,138,131,144,155,155,143,142,140,127,104,89,81,72,55,44,38,33,29,28,31,35,33,26
Southwark,62,92,125,187,249,321,389,462,539,650,730,691,564,454,353,283,244,245,217,201,191,203,206,226,242,260,256,261,263,276,266,266,269,283,278,306,328,367,389,551,649,709,685,923,1043,1202,1190,1220,1054,891,677,554,470,395,319,299,267,230,196,214,226,217,194,194
St. James's Park,15,22,34,51,67,78,122,148,189,230,244,230,207,194,178,170,163,180,179,181,182,219,246,294,321,335,309,309,305,313,294,304,314,341,336,381,422,498,543,729,848,962,955,1191,1311,1429,1334,1336,1174,986,739,602,485,381,208,193,197,192,162,145,127,120,111,109
Stepney Green,42,58,71,93,127,157,192,249,326,372,356,313,267,232,184,147,128,128,120,111,116,119,110,108,114,116,111,115,123,128,121,124,128,133,125,139,159,172,172,199,216,221,203,249,278,280,227,223,217,203,166,159,153,141,117,114,115,114,101,91,82,73,66,63
Stockwell,119,179,220,286,393,542,689,946,1323,1650,1579,1232,841,627,454,333,240,220,202,174,163,175,170,156,150,161,156,150,145,151,144,138,142,152,146,141,150,164,162,170,184,201,202,226,251,274,263,257,249,241,215,195,179,160,132,116,105,96,82,77,79,78,71,67
Stratford,896,1244,1591,1883,2029,1876,1662,1691,2072,2462,2358,1916,1552,1392,1139,896,830,859,836,789,843,900,881,857,926,1007,1028,1025,1101,1168,1162,1146,1227,1294,1286,1290,1361,1421,1439,1551,1732,1860,1818,1955,2099,2180,2006,1943,1856,1790,1621,1523,1458,1371,1233,1156,1149,1100,1027,1065,1088,977,784,746
Swiss Cottage,29,57,87,117,151,206,267,359,460,529,497,417,335,289,236,192,161,154,145,131,122,122,120,119,124,131,128,128,134,139,131,124,122,122,123,130,141,156,175,209,230,260,270,312,317,310,266,269,266,250,214,200,187,164,134,121,114,106,89,81,75,97,109,99
Temple,6,7,8,12,16,19,21,26,32,36,39,43,45,49,53,65,70,76,72,93,103,107,99,136,160,164,143,170,184,187,162,190,206,212,187,226,253,263,246,349,411,428,385,547,658,776,787,887,834,723,545,465,399,347,283,263,236,219,178,168,160,156,142,136
Tooting Bec,92,139,191,261,368,492,638,805,950,946,814,631,490,355,255,186,156,140,125,112,118,124,118,108,109,113,110,102,100,100,95,91,92,94,90,89,96,103,111,118,126,133,145,167,183,181,163,154,152,149,136,124,110,99,86,79,71,65,58,52,48,45,42,40
Tooting Broadway,218,320,411,506,625,739,877,1049,1248,1271,1105,869,698,551,412,317,279,265,244,233,245,245,233,225,240,248,246,237,241,243,235,224,232,235,229,247,276,298,301,334,370,401,410,460,529,545,491,445,422,388,338,305,276,252,216,205,203,186,151,136,135,125,107,103
Tottenham Court Road,30,27,33,51,68,87,104,129,165,206,220,220,229,256,267,261,251,258,271,291,315,356,382,431,478,545,578,617,648,688,699,720,764,806,811,849,921,1010,1031,1113,1196,1340,1369,1629,1823,2160,2303,2598,2670,2580,2177,1843,1600,1408,1216,1137,1090,1072,1026,1022,1000,959,871,948
Tower Hill,117,215,303,406,480,550,606,683,817,917,910,797,645,521,417,349,309,320,318,287,283,295,303,314,342,350,344,335,349,363,362,360,376,397,404,421,444,469,494,579,649,713,736,886,987,1099,1080,1046,906,776,630,518,439,369,305,262,238,216,194,183,12,11,10,10
Tufnell Park,28,39,52,70,99,145,192,237,314,369,351,290,259,230,175,123,106,111,98,80,76,80,75,69,68,71,69,66,71,77,71,60,57,58,55,55,64,75,74,70,69,74,72,76,79,92,92,94,90,90,81,75,70,63,52,46,41,35,29,29,28,28,27,33
Turnpike Lane,228,310,396,458,494,507,521,602,720,756,668,579,527,465,365,278,254,252,230,202,207,206,186,169,172,174,168,163,169,170,162,156,166,167,157,159,171,171,160,162,180,187,181,186,206,211,196,187,192,191,172,152,134,120,100,87,76,73,66,63,59,59,55,56
Upton Park,352,471,544,559,532,473,445,510,603,610,536,477,428,372,295,245,217,204,181,167,175,177,162,150,155,157,152,150,155,161,160,160,161,165,165,165,173,184,204,214,213,197,194,209,223,223,200,190,178,164,134,120,115,108,92,80,71,63,55,51,50,45,41,41
Warren Street,23,31,35,49,63,81,94,122,159,198,209,209,195,187,180,179,171,177,182,201,218,233,229,262,300,332,326,355,378,384,346,349,372,390,376,419,476,519,532,719,875,993,960,1303,1556,1835,1813,1873,1747,1588,1317,1091,943,805,661,592,563,536,481,469,446,401,333,315
Warwick Avenue,24,38,54,72,95,135,188,243,299,340,336,285,228,178,137,107,91,86,79,73,70,71,69,69,72,74,68,67,67,70,64,64,63,66,62,66,74,82,79,86,97,106,110,134,149,160,149,160,156,146,113,102,90,76,58,54,49,43,36,37,39,38,32,28
West Brompton,26,32,45,103,128,150,169,181,198,202,196,196,186,163,129,113,98,86,80,74,76,79,77,77,84,89,85,84,90,94,92,93,99,102,110,140,246,327,351,307,332,341,341,343,377,394,381,325,268,208,177,159,135,106,68,60,51,51,49,49,47,45,50,54
West Ham,100,133,168,194,215,209,207,231,278,298,273,222,178,146,115,94,85,84,74,66,66,70,69,63,62,63,61,60,64,66,64,63,67,68,63,61,71,81,84,93,105,109,100,96,100,105,101,97,95,92,84,78,74,71,64,58,52,45,44,47,51,44,35,28
West Kensington,39,57,72,84,111,160,212,273,330,354,302,234,191,181,159,132,114,115,112,101,96,96,94,95,101,98,87,90,102,100,93,92,101,103,94,94,107,117,114,122,131,137,140,168,180,216,222,229,192,181,151,130,108,91,76,66,59,49,42,40,39,41,43,41
Westbourne Park,34,47,58,74,100,140,181,232,280,297,268,233,198,164,126,103,87,83,77,76,76,77,72,70,71,74,72,74,76,79,75,73,71,71,69,69,70,80,89,106,119,129,122,144,164,171,142,160,182,177,128,98,83,69,55,49,47,45,39,34,35,35,32,31
Westminster,30,34,40,54,64,77,86,109,142,184,205,198,186,181,179,178,190,216,234,252,273,315,351,406,462,510,522,540,561,577,559,563,590,630,631,680,757,826,847,992,1176,1310,1322,1462,1636,1727,1710,1654,1536,1302,1059,865,736,627,517,462,448,428,397,364,340,319,311,309
White City,40,55,74,99,130,154,173,199,268,316,300,240,206,178,136,102,96,96,88,81,86,92,94,97,103,111,114,115,118,122,116,114,121,131,130,136,158,190,224,298,345,388,403,506,572,662,721,788,742,620,463,356,290,239,186,159,151,137,115,100,91,91,128,150
Whitechapel,48,65,73,91,119,155,176,213,283,361,380,347,297,263,225,194,187,198,198,209,219,225,219,229,241,249,247,260,280,286,265,270,286,309,317,351,387,428,445,489,523,592,615,736,824,885,801,774,730,655,516,446,410,370,302,295,306,322,295,267,229,200,164,152
Wood Green,312,418,536,662,716,632,563,609,724,744,676,565,515,445,365,284,269,259,232,220,228,223,200,189,194,203,200,197,202,202,192,192,204,211,199,204,220,227,222,238,269,288,277,298,333,350,321,303,290,268,233,205,184,160,134,121,114,103,92,87,86,83,77,79
Wood Lane,15,20,29,42,56,79,96,106,116,139,154,144,118,93,76,58,51,47,46,46,46,47,49,50,53,58,62,64,68,73,76,77,75,75,76,80,85,89,93,108,124,134,136,158,187,221,227,227,212,202,175,149,125,112,95,84,76,70,63,63,63,56,52,56
Battersea Park,0,10,0,0,0,0,0,0,0,0,0,0,0,0,0,0,0,0,0,0,0,0,0,0,0,0,0,0,0,0,0,0,0,0,0,0,0,0,0,0,0,0,0,0,0,0,0,0,0,0,0,0,0,0,0,0,0,0,0,0,0,0,0,0
Brockley,65,94,113,162,203,285,324,434,459,440,284,378,317,263,183,142,118,122,90,84,82,87,72,70,73,78,63,63,62,67,57,56,52,62,55,54,56,71,64,69,75,75,79,97,95,99,90,89,87,85,74,67,56,52,41,37,31,29,22,19,22,21,19,17
Bruce Grove,33,39,46,49,56,73,84,100,75,119,101,69,60,53,60,42,29,45,32,26,30,26,24,27,32,28,41,27,34,28,32,50,33,27,37,25,37,36,25,42,55,38,49,31,42,45,53,33,44,38,38,32,27,36,36,18,24,35,26,26,20,22,15,17
Cambridge Heath,7,8,12,15,21,19,28,31,34,23,55,24,28,16,9,6,14,9,11,7,14,9,9,15,16,16,17,11,7,13,26,33,25,16,20,16,21,25,31,26,42,31,34,55,31,42,31,29,39,44,39,36,20,30,35,27,20,13,18,17,17,20,5,20
Camden Road,30,33,42,61,83,100,99,113,118,122,124,114,101,82,73,58,53,51,49,46,47,56,57,51,60,65,72,71,74,76,81,75,85,89,93,102,129,122,159,183,244,240,285,282,404,364,427,421,462,375,290,226,213,175,143,120,106,97,86,74,73,71,65,70
Canonbury,16,46,60,83,124,159,210,262,323,344,297,264,233,192,155,101,81,79,68,57,59,61,57,51,52,57,54,48,50,53,49,47,46,50,46,45,54,60,65,65,74,79,84,89,111,103,89,86,95,92,77,69,64,53,44,38,37,30,24,19,21,19,20,21
Clapham High Street,10,25,28,42,77,92,125,134,180,154,136,80,65,69,71,38,52,28,29,28,20,25,16,27,16,22,25,31,22,26,26,19,27,26,28,30,34,33,35,45,49,71,59,82,111,108,126,105,113,53,65,53,64,45,44,36,40,37,27,25,23,26,18,18
Clapham Junction,85,321,280,619,643,960,858,745,1229,188,1220,606,710,655,462,355,386,383,285,260,270,254,212,208,205,232,190,199,220,236,200,199,193,201,193,178,220,180,275,343,248,389,378,404,665,659,569,656,787,539,717,562,312,386,283,249,241,208,182,157,151,166,121,99
Clapton,31,32,43,51,74,85,117,175,203,209,178,118,141,103,61,41,27,33,32,24,29,38,25,35,26,33,18,16,34,37,23,27,24,28,25,29,31,42,51,54,50,37,73,43,57,55,43,62,54,42,26,28,35,22,27,11,29,9,8,7,12,16,8,6
Crouch Hill,1,8,13,18,17,30,34,42,55,53,37,40,30,25,22,17,17,12,10,14,10,8,17,18,13,16,10,9,12,10,11,12,13,13,21,14,12,20,22,39,33,22,22,32,34,34,29,26,29,21,20,17,23,17,13,16,13,12,12,9,8,6,11,5
Dalston Junction,35,63,77,98,153,199,243,300,413,526,495,445,384,309,205,145,115,109,99,89,85,90,89,81,90,89,88,78,82,92,87,85,87,83,81,75,83,83,86,91,105,124,118,125,170,164,183,162,183,186,167,133,124,112,85,80,75,70,59,59,63,60,58,70
Dalston Kingsland,38,80,89,117,155,188,210,277,343,331,326,295,293,241,222,151,140,123,128,109,114,114,116,110,123,127,126,114,129,125,132,122,135,126,136,122,143,143,145,158,184,210,187,210,263,248,237,211,235,239,197,177,171,134,109,98,99,86,72,64,65,65,61,71
Denmark Hill,31,91,52,241,171,233,342,328,594,410,540,404,252,262,181,151,99,93,85,103,97,113,39,128,107,134,107,122,126,103,136,105,115,138,157,122,132,194,210,249,390,334,429,443,668,563,419,472,342,231,254,212,163,157,126,89,177,122,85,91,82,52,41,33
Forest Hill,55,72,93,120,157,195,248,237,286,267,273,245,231,234,127,84,63,98,73,80,62,63,59,55,78,79,57,49,41,46,11,14,33,36,44,91,52,74,48,83,58,77,83,60,82,109,73,81,64,82,44,36,32,27,31,23,5,19,22,25,18,11,23,12
Gospel Oak,19,22,26,42,65,72,80,112,126,133,109,98,106,71,56,47,38,37,33,36,35,35,33,34,35,38,37,35,35,49,46,38,45,48,43,46,59,157,276,106,111,101,120,125,154,129,146,121,126,108,83,70,63,52,36,30,29,31,31,25,16,17,16,19
Hackney Central,42,80,107,129,168,198,223,291,357,382,315,309,280,262,207,144,134,130,119,108,110,117,107,107,111,125,119,115,113,120,112,114,110,121,113,123,147,147,157,178,215,232,231,253,339,329,275,249,258,244,198,160,150,129,116,92,85,71,66,55,56,52,50,61
Hackney Downs,17,23,26,50,43,138,85,142,106,199,204,192,101,155,118,92,108,84,54,56,49,27,48,19,79,60,46,34,51,51,45,58,56,61,64,52,78,71,107,90,87,91,125,61,161,117,110,103,115,127,117,99,68,91,74,76,56,56,71,19,58,41,32,23
Hackney Wick,16,23,23,42,42,76,79,95,136,168,116,119,99,67,60,51,47,43,23,23,32,26,24,26,31,17,28,29,54,39,25,35,38,26,23,35,41,26,33,50,57,57,91,87,126,112,107,90,93,75,73,55,36,51,39,34,32,28,29,31,18,21,35,17
Haggerston,24,37,53,55,83,109,147,185,244,286,258,230,200,151,105,74,70,61,52,48,51,53,51,45,49,48,55,49,54,56,49,42,48,49,48,47,57,61,62,69,97,93,98,103,129,104,111,102,156,149,117,91,82,69,56,46,47,40,38,34,38,39,38,35
Hampstead Heath,12,9,16,20,33,49,64,85,131,141,95,89,84,73,60,54,56,55,49,54,56,56,58,61,67,65,60,65,69,68,64,67,77,82,86,85,113,104,132,155,205,212,225,222,353,254,215,164,188,146,125,98,102,80,70,71,112,84,55,43,42,31,27,26
Harringay Green Lanes,2,15,22,39,40,42,29,53,60,65,41,29,23,29,54,15,10,16,17,10,12,9,18,10,10,13,22,26,12,18,12,9,9,12,25,22,16,20,35,22,22,28,35,29,48,47,43,42,45,31,31,22,33,18,17,10,22,15,9,10,16,13,19,8
Homerton,53,90,108,134,192,206,243,335,403,434,377,348,307,263,200,145,123,123,101,103,97,109,92,98,91,100,90,89,81,96,79,82,83,92,82,81,102,110,117,135,156,149,174,160,239,199,163,141,142,128,105,93,91,76,62,57,66,65,57,41,39,37,27,25
Honor Oak Park,40,80,89,131,179,229,279,357,398,385,255,281,247,170,108,82,76,74,54,58,59,56,47,48,51,47,40,38,40,39,35,31,36,38,32,32,35,40,40,48,54,57,55,60,64,74,56,60,61,56,48,40,37,33,30,29,16,19,16,15,28,16,10,11
Hoxton,11,18,19,34,42,63,71,91,119,140,129,111,99,85,65,48,47,41,42,35,35,41,43,35,42,45,46,40,52,47,45,41,48,56,55,55,63,67,83,80,106,98,110,100,174,144,159,165,206,174,135,111,104,87,71,65,79,62,55,53,64,60,53,52
Imperial Wharf,14,23,31,45,71,84,138,124,219,166,143,101,89,75,61,48,49,49,49,39,46,46,44,44,46,50,47,46,57,56,51,53,59,55,62,72,76,79,136,136,149,147,219,216,351,252,343,290,300,189,131,86,83,67,51,44,38,35,34,28,28,25,27,29
Kentish Town West,12,9,11,16,26,26,28,46,49,31,44,36,33,36,21,20,21,17,16,17,15,15,19,16,26,25,23,19,23,26,16,21,27,19,29,28,35,28,30,50,83,75,53,65,114,77,83,78,82,59,51,48,64,53,42,31,35,45,34,22,26,26,19,23
Kilburn High Road,7,5,19,11,15,35,43,48,26,64,64,43,22,34,34,18,14,21,21,17,12,17,19,15,13,16,20,16,14,19,20,18,15,19,20,18,15,19,20,22,20,26,28,28,28,36,45,29,26,28,27,17,19,18,14,9,9,12,10,7,6,7,8,5
London Fields,8,10,19,24,37,49,54,98,99,154,133,135,77,71,53,40,25,31,42,34,31,29,22,23,35,36,41,31,32,25,25,27,33,26,28,24,31,31,46,51,52,48,63,67,64,75,59,61,61,61,41,34,31,30,17,20,16,15,26,16,15,21,10,13
New Cross,35,74,80,142,120,213,139,130,263,311,268,163,171,145,78,74,96,91,37,39,75,39,35,24,54,61,35,26,46,56,36,25,67,34,32,29,38,57,37,30,81,30,35,44,78,59,56,47,92,43,52,51,38,57,41,32,36,47,28,26,55,21,30,21
New Cross Gate,69,78,111,108,95,147,350,201,190,186,184,162,201,140,175,122,137,114,84,93,100,98,103,122,236,15,176,103,139,136,111,96,226,172,94,103,176,206,63,172,162,249,300,193,286,72,396,199,106,363,167,128,139,80,182,102,161,88,153,105,77,114,87,64
Peckham Rye,0,70,29,121,103,168,160,217,263,424,76,257,211,179,139,86,61,73,61,54,57,46,42,56,61,56,83,94,47,21,51,76,17,46,51,85,59,13,71,153,34,102,120,78,114,261,39,102,125,137,25,100,90,55,62,56,76,24,22,43,34,29,42,19
Queens Road Peckham,12,29,34,108,53,166,118,150,184,100,180,143,105,74,81,98,45,42,24,38,39,31,28,31,24,37,23,29,29,19,23,19,34,21,34,26,24,28,52,24,42,28,35,37,64,54,33,52,73,38,19,47,24,14,16,31,19,11,11,15,20,14,12,9
Rectory Road,15,10,14,40,36,43,75,138,118,181,94,118,90,47,37,18,26,33,22,17,27,19,18,14,26,21,21,15,20,17,21,13,12,14,19,9,14,8,37,35,27,24,21,23,38,22,33,25,24,20,30,15,25,19,10,13,7,12,8,2,12,15,1,4
Rotherhithe,18,32,48,49,60,87,96,133,155,196,197,151,133,92,73,50,43,37,36,28,28,29,25,26,24,24,26,24,25,25,26,24,27,27,27,25,25,34,29,28,30,29,35,37,50,42,51,50,51,48,43,34,35,30,29,21,21,21,20,16,19,15,15,16
Shoreditch High Street,11,13,22,26,39,53,66,77,105,122,123,106,103,86,79,63,57,58,61,56,60,71,67,67,73,80,84,83,96,101,101,99,117,119,120,122,133,138,147,152,199,204,227,252,416,465,571,614,750,720,572,467,439,367,315,290,277,271,253,231,251,239,232,231
South Hampstead,4,2,5,10,5,19,30,27,18,45,50,24,13,22,14,11,10,9,10,11,9,11,11,9,9,8,13,9,9,10,19,9,7,6,9,8,11,11,18,23,19,25,27,24,17,29,23,22,16,16,12,7,7,9,11,5,11,7,5,5,2,3,6,3
South Tottenham,3,32,44,35,53,63,67,60,69,70,51,37,43,34,30,21,19,20,21,18,14,16,16,15,17,18,20,16,19,20,20,19,21,23,29,26,30,36,40,37,43,46,43,58,61,64,61,45,47,48,48,39,41,34,28,22,21,23,23,18,18,17,14,15
Stamford Hill,10,17,21,20,28,32,34,51,53,78,55,41,45,25,27,25,15,24,19,21,18,25,19,14,15,20,17,19,31,19,17,26,26,16,23,25,43,45,35,31,39,34,41,39,38,23,35,43,34,27,32,24,15,13,11,10,14,7,6,9,8,10,6,8
Stoke Newington,11,7,14,34,41,79,77,149,126,163,129,109,98,70,32,16,33,40,35,20,23,25,28,16,27,21,29,26,23,22,11,27,30,35,23,36,14,42,44,64,37,76,69,44,61,55,52,42,18,44,41,40,17,21,11,12,23,11,13,6,22,10,25,9
Surrey Quays,70,86,119,148,199,225,255,294,355,359,345,283,275,229,196,125,117,120,107,86,86,98,93,78,76,82,79,77,78,87,86,78,81,85,87,83,87,102,97,99,116,118,126,124,148,152,154,146,173,153,125,106,109,92,80,62,65,57,59,47,42,44,40,46
Sydenham,78,65,81,109,54,109,163,202,238,189,146,179,163,107,100,52,10,107,44,60,48,39,41,33,46,20,72,26,48,29,41,38,43,35,34,21,56,34,58,53,65,36,49,52,82,56,107,84,79,85,77,41,44,103,27,41,28,42,27,17,24,22,14,19
Upper Holloway,3,10,17,15,13,18,30,27,27,58,37,33,12,24,17,12,18,13,10,6,16,14,6,15,8,18,18,23,21,17,17,16,18,18,18,15,27,32,28,43,46,45,44,42,62,72,37,52,49,42,35,32,31,23,16,23,18,15,13,9,20,16,15,9
Wandsworth Road,6,21,13,25,39,45,60,77,102,63,48,40,32,24,26,15,8,6,9,9,8,3,6,16,11,8,8,12,7,8,10,7,24,9,4,20,14,14,30,24,24,22,20,26,39,28,30,46,59,37,27,32,24,24,18,10,15,6,2,9,15,4,7,5
Wanstead Park,25,30,47,63,50,56,55,84,56,52,57,40,32,32,29,28,22,17,15,15,17,16,15,14,15,19,19,17,17,15,13,14,14,17,16,19,18,20,26,33,28,29,25,31,33,31,30,29,34,31,25,22,23,20,19,20,14,15,12,13,12,11,9,8
Wapping,18,21,25,40,55,65,108,118,134,147,133,116,112,96,73,54,49,45,42,35,40,42,46,46,41,45,40,35,45,60,47,39,37,42,43,43,44,44,42,48,61,60,72,64,91,99,127,103,139,115,89,76,65,52,50,33,34,29,25,27,27,25,24,25
White Hart Lane,48,83,110,116,145,112,159,141,175,140,141,116,89,80,57,52,49,49,42,49,42,40,37,35,38,40,41,36,39,38,36,39,38,44,42,60,56,67,64,72,89,82,102,110,155,118,143,84,90,61,49,39,51,28,26,22,18,16,14,16,14,11,13,13
Woodgrange Park,39,40,43,65,46,44,53,90,52,60,46,40,40,37,30,29,22,20,20,18,18,19,15,13,14,14,15,14,16,19,13,18,16,19,17,19,23,20,22,25,24,23,33,33,27,30,26,25,27,24,20,21,19,16,13,12,9,9,10,7,8,8,8,7
Abbey Road,21,32,37,44,47,50,56,64,64,54,59,49,54,42,33,26,24,26,21,19,24,27,21,20,22,22,23,20,25,24,21,21,25,23,22,22,23,29,26,28,34,30,35,29,42,33,32,29,30,25,32,20,24,17,14,17,18,17,11,12,11,12,9,11
All Saints,19,23,24,27,45,49,62,63,101,109,122,78,68,63,54,46,51,51,48,43,46,46,45,48,45,53,46,44,50,48,53,46,52,44,47,46,56,59,62,69,69,62,66,63,81,67,58,54,54,45,46,36,38,35,35,28,28,23,24,21,22,17,15,14
Beckton,102,130,135,159,139,126,130,149,163,138,118,98,83,75,58,60,51,41,40,41,44,44,39,34,40,42,39,37,58,47,42,38,44,37,32,35,54,55,54,51,59,59,63,54,64,59,61,59,59,43,35,31,37,30,30,20,28,31,26,17,24,17,23,15
Beckton Park,21,36,43,43,40,37,36,30,38,34,28,23,22,20,17,10,10,12,10,9,9,12,10,8,8,9,10,9,10,9,8,6,9,8,10,8,7,7,9,10,16,13,19,16,17,27,105,30,22,11,15,14,31,10,9,7,6,6,8,5,3,3,3,1
Blackwall,17,22,28,32,54,66,82,101,153,179,161,125,104,77,60,49,44,39,37,33,31,33,35,27,30,31,36,31,33,33,35,34,32,32,32,32,41,34,43,40,58,58,75,60,83,75,72,97,66,50,38,34,31,25,28,23,23,20,16,14,13,13,13,10
Bow Church,20,33,45,55,76,91,120,143,187,215,249,197,162,128,107,82,73,72,81,67,70,71,72,73,73,79,88,77,81,75,72,70,77,82,86,86,95,135,155,153,125,121,129,123,149,140,134,132,130,124,121,102,98,86,77,74,72,63,60,49,52,47,43,45
Custom House,0,0,0,0,0,0,0,0,0,0,0,0,0,0,0,0,0,0,0,0,0,0,0,0,0,0,0,0,0,0,0,0,0,0,0,0,0,0,0,0,0,0,0,0,0,0,0,0,0,0,0,0,0,0,0,0,0,0,0,0,0,0,0,0
Cyprus,20,25,37,43,43,37,39,54,74,57,40,54,43,34,27,26,29,24,25,27,32,23,31,36,63,48,56,77,83,52,47,54,64,50,48,63,79,107,93,108,117,89,91,96,209,121,86,72,73,56,52,45,44,40,36,32,34,31,23,22,22,16,14,14
Devons Road,23,30,42,41,67,76,99,126,177,195,201,146,113,95,79,59,53,52,48,42,51,50,52,41,42,39,44,40,40,42,52,46,42,45,47,48,59,58,86,80,93,65,73,66,83,66,67,56,63,52,50,46,47,36,29,25,25,19,19,17,19,17,14,11
East India,29,42,50,68,106,117,147,170,233,286,263,207,174,142,115,82,69,64,59,58,60,59,58,53,55,59,58,49,56,54,50,49,66,57,65,62,72,67,81,99,151,129,142,155,198,187,194,176,194,138,117,98,94,77,70,58,61,48,38,38,34,29,31,27
Elverson Road,31,34,44,48,80,92,112,139,161,165,150,122,99,70,59,43,38,38,38,34,37,35,30,33,29,30,33,29,28,29,27,23,26,26,27,27,35,32,40,38,42,38,46,37,64,49,47,40,79,47,32,30,25,22,20,16,18,13,14,12,15,11,8,10
Gallions Reach,19,22,29,29,44,38,57,85,104,101,75,51,34,32,28,19,23,18,17,18,22,23,17,17,23,20,20,17,26,19,22,24,33,22,24,27,30,26,26,29,46,53,51,47,72,52,34,73,55,35,27,24,23,20,17,17,21,20,14,12,12,8,9,10
Heron Quays,24,31,54,88,130,144,177,178,190,268,288,274,220,190,185,166,121,117,128,109,100,109,133,123,121,124,126,117,119,111,132,117,122,116,128,121,134,124,156,157,214,199,279,294,497,456,577,549,595,522,471,378,343,269,244,199,185,153,152,132,127,113,124,108
Island Gardens,24,32,37,53,81,98,131,167,241,227,214,177,147,117,89,66,59,58,57,54,53,52,52,49,53,57,52,61,60,49,51,43,51,50,46,49,47,95,95,69,85,66,65,62,74,62,59,52,57,49,40,36,46,37,28,23,36,27,18,18,31,20,18,13
King George V,50,58,74,78,83,87,83,107,120,123,134,77,64,46,40,32,35,30,31,27,30,30,27,22,29,27,26,23,29,23,25,22,26,29,29,32,46,68,35,30,40,61,38,37,47,45,45,32,39,26,23,24,20,21,19,16,13,14,14,12,15,13,10,8
Langdon Park,28,33,42,61,106,132,158,159,163,180,220,183,115,89,78,67,58,55,63,54,55,54,61,62,60,59,63,61,59,64,63,77,67,70,75,84,101,155,165,146,125,116,128,138,139,140,141,147,134,136,127,124,113,99,97,92,89,73,70,67,66,59,63,47
London City Airport,21,23,29,47,95,113,159,170,247,268,269,287,248,183,112,102,110,133,134,119,116,95,111,86,91,116,92,76,81,68,91,109,84,79,69,93,80,143,100,113,82,125,139,116,122,179,120,109,151,191,169,162,187,170,136,125,107,76,59,60,89,83,60,30
Mudchute,27,35,44,62,84,102,124,171,215,226,204,164,122,93,72,62,54,44,41,39,39,40,40,37,34,34,33,34,35,31,30,29,28,27,28,29,29,31,33,45,52,40,37,52,61,42,40,43,44,39,36,33,28,22,20,18,16,15,13,12,10,9,10,9
Pontoon Dock,16,17,27,31,46,60,69,88,110,106,95,83,64,52,44,37,31,32,25,26,24,24,25,23,26,25,26,23,24,24,23,20,23,21,23,25,29,26,34,31,36,38,40,35,43,43,42,38,73,35,26,24,24,17,15,13,19,14,9,8,8,8,9,7
Poplar,45,55,68,90,87,126,144,192,231,270,348,413,279,219,160,111,88,83,77,75,84,91,85,83,101,89,104,91,131,95,97,91,115,82,97,80,113,97,161,138,119,96,118,129,148,108,105,98,90,76,68,60,81,53,48,45,52,45,47,53,55,32,44,28
Prince Regent,71,100,128,122,126,90,88,107,137,133,108,106,97,83,64,56,56,63,56,47,43,52,41,35,51,39,36,39,38,32,32,29,36,38,38,44,49,87,104,91,68,60,66,64,71,63,65,54,63,57,40,36,39,29,30,28,33,26,21,17,19,14,17,14
Pudding Mill Lane,6,6,11,12,18,22,27,31,52,55,49,33,29,22,21,9,12,10,9,8,13,10,11,8,11,9,10,8,10,8,11,12,12,9,11,10,14,13,18,17,40,26,28,27,46,30,36,28,33,16,15,10,11,8,8,5,5,4,4,4,5,3,4,2
Royal Albert,42,62,75,78,75,61,61,70,83,81,64,53,50,42,38,35,39,39,32,32,37,28,28,28,29,28,29,30,27,28,25,22,26,25,27,26,32,31,34,43,64,52,62,53,98,80,82,62,65,49,42,33,28,19,20,15,14,10,9,11,10,7,6,7
Royal Victoria,63,83,104,96,148,158,185,234,285,288,262,211,197,176,133,111,101,100,106,94,104,97,95,85,90,85,83,75,89,79,81,74,89,83,88,85,96,97,99,95,116,116,131,131,169,143,147,172,144,110,93,80,75,67,53,54,54,45,43,34,40,27,30,27
South Quay,19,30,36,45,90,107,144,175,243,262,243,209,166,125,116,94,81,78,77,69,75,75,78,87,114,111,108,99,134,97,99,87,103,93,97,102,147,122,138,171,491,302,358,329,497,375,469,350,453,296,204,160,158,110,90,81,144,91,62,56,76,50,45,41
Star Lane,29,46,29,44,40,38,38,50,51,42,46,43,40,33,29,23,26,25,20,18,20,20,22,19,26,30,27,24,25,23,21,22,30,31,33,36,48,77,51,57,67,63,83,67,144,82,90,55,77,47,33,31,33,32,21,18,18,17,17,12,12,8,8,10
Stratford High Street,12,11,13,16,20,23,25,32,40,46,45,29,31,25,23,19,18,16,16,13,14,18,17,15,19,18,17,22,21,20,19,21,27,25,29,26,38,34,34,39,43,42,47,40,75,59,56,44,45,32,30,27,25,21,18,17,17,16,14,13,16,11,15,12
Tower Gateway,9,10,15,20,29,35,44,53,74,83,85,74,70,60,61,49,50,42,47,48,54,54,57,55,61,66,58,58,66,61,69,70,71,69,74,76,84,96,102,100,135,134,162,179,300,298,358,334,326,289,249,204,175,137,117,100,96,82,69,73,75,63,68,60
West India Quay,2,2,5,6,8,11,15,20,22,23,21,17,14,12,13,13,14,11,14,12,15,11,20,16,13,15,18,15,22,16,22,16,24,29,24,27,28,24,34,33,39,36,35,44,63,45,58,45,50,38,35,35,45,37,37,33,41,37,38,31,29,25,32,36
West Silvertown,22,27,37,39,48,58,75,100,121,91,83,101,65,53,45,33,33,31,27,24,30,26,29,29,29,30,30,26,28,28,29,25,32,28,31,30,49,68,72,82,113,116,112,107,136,89,119,118,183,61,42,30,28,21,17,14,14,10,14,10,11,9,9,6
Westferry,37,56,81,105,127,155,187,231,322,384,392,294,246,196,161,114,100,103,101,84,81,91,88,77,85,82,88,74,86,85,98,72,84,89,85,87,92,97,121,101,120,111,133,125,160,153,172,149,163,133,125,106,105,91,82,68,69,60,55,48,45,43,44,44
Forest Gate,60,213,143,208,272,28,128,280,151,307,113,239,66,189,60,87,61,71,36,110,38,74,32,89,31,72,11,73,39,74,35,64,27,75,39,61,39,71,74,120,48,76,26,102,55,59,77,72,40,28,119,33,45,45,21,32,9,41,24,58,23,23,8,20
Manor Park,119,51,131,261,69,128,128,162,242,258,60,182,67,93,30,53,36,58,17,46,38,35,23,43,34,43,21,45,25,41,28,35,22,43,26,43,32,57,30,55,23,48,38,86,27,51,41,68,4,32,7,24,28,32,8,34,6,20,9,29,11,27,18,27
Maryland,34,45,56,43,120,16,97,62,68,59,77,48,72,16,39,13,38,29,28,22,41,14,25,8,44,17,37,28,47,12,28,8,43,14,45,12,62,42,44,17,28,38,52,42,65,50,26,30,51,24,26,22,22,14,29,19,18,13,21,10,8,1,6,4
